PC_time_stamp,帧ID,帧内容
1696644474.1819074,419406119,"{'档位': 0, '车速': 0.0, '提升器高度': 0, '提升器合力': 250, '车不动原因': 0, '前轮转角': -100}"
1696644474.1827786,419406375,"{'刹车状态': 1, '发动机扭矩百分比': 11, '方向盘故障': 0, '方向盘位置传感器值': 0}"
1696644474.2817483,419406119,"{'档位': 0, '车速': 0.0, '提升器高度': 0, '提升器合力': 250, '车不动原因': 0, '前轮转角': -100}"
1696644474.282845,419406375,"{'刹车状态': 1, '发动机扭矩百分比': 11, '方向盘故障': 0, '方向盘位置传感器值': 0}"
1696644474.3817577,419406119,"{'档位': 0, '车速': 0.0, '提升器高度': 0, '提升器合力': 250, '车不动原因': 0, '前轮转角': -100}"
1696644474.3829038,419406375,"{'刹车状态': 1, '发动机扭矩百分比': 11, '方向盘故障': 0, '方向盘位置传感器值': 0}"
1696644474.4819355,419406119,"{'档位': 0, '车速': 0.0, '提升器高度': 0, '提升器合力': 250, '车不动原因': 0, '前轮转角': -100}"
1696644474.4829679,419406375,"{'刹车状态': 1, '发动机扭矩百分比': 11, '方向盘故障': 0, '方向盘位置传感器值': 0}"
1696644474.5820162,419406119,"{'档位': 0, '车速': 0.0, '提升器高度': 0, '提升器合力': 250, '车不动原因': 0, '前轮转角': -100}"
1696644474.58303,419406375,"{'刹车状态': 1, '发动机扭矩百分比': 11, '方向盘故障': 0, '方向盘位置传感器值': 0}"
1696644474.68193,419406119,"{'档位': 0, '车速': 0.0, '提升器高度': 0, '提升器合力': 250, '车不动原因': 0, '前轮转角': -100}"
1696644474.6830575,419406375,"{'刹车状态': 1, '发动机扭矩百分比': 11, '方向盘故障': 0, '方向盘位置传感器值': 0}"
1696644474.7819605,419406119,"{'档位': 0, '车速': 0.0, '提升器高度': 0, '提升器合力': 250, '车不动原因': 0, '前轮转角': -100}"
1696644474.783134,419406375,"{'刹车状态': 1, '发动机扭矩百分比': 11, '方向盘故障': 0, '方向盘位置传感器值': 0}"
1696644474.882231,419406119,"{'档位': 0, '车速': 0.0, '提升器高度': 0, '提升器合力': 250, '车不动原因': 0, '前轮转角': -100}"
1696644474.8832715,419406375,"{'刹车状态': 1, '发动机扭矩百分比': 11, '方向盘故障': 0, '方向盘位置传感器值': 0}"
1696644474.982177,419406119,"{'档位': 0, '车速': 0.0, '提升器高度': 0, '提升器合力': 250, '车不动原因': 0, '前轮转角': -100}"
1696644474.983191,419406375,"{'刹车状态': 1, '发动机扭矩百分比': 11, '方向盘故障': 0, '方向盘位置传感器值': 0}"
1696644475.082196,419406119,"{'档位': 0, '车速': 0.0, '提升器高度': 0, '提升器合力': 250, '车不动原因': 0, '前轮转角': -100}"
1696644475.0832527,419406375,"{'刹车状态': 1, '发动机扭矩百分比': 11, '方向盘故障': 0, '方向盘位置传感器值': 0}"
1696644475.1822367,419406119,"{'档位': 0, '车速': 0.0, '提升器高度': 0, '提升器合力': 250, '车不动原因': 0, '前轮转角': -100}"
1696644475.1832829,419406375,"{'刹车状态': 1, '发动机扭矩百分比': 11, '方向盘故障': 0, '方向盘位置传感器值': 0}"
1696644475.2822423,419406119,"{'档位': 0, '车速': 0.0, '提升器高度': 0, '提升器合力': 250, '车不动原因': 0, '前轮转角': -100}"
1696644475.2832866,419406375,"{'刹车状态': 1, '发动机扭矩百分比': 11, '方向盘故障': 0, '方向盘位置传感器值': 0}"
1696644475.382213,419406119,"{'档位': 0, '车速': 0.0, '提升器高度': 0, '提升器合力': 250, '车不动原因': 0, '前轮转角': -100}"
1696644475.3832908,419406375,"{'刹车状态': 1, '发动机扭矩百分比': 11, '方向盘故障': 0, '方向盘位置传感器值': 0}"
1696644475.482358,419406119,"{'档位': 0, '车速': 0.0, '提升器高度': 0, '提升器合力': 250, '车不动原因': 0, '前轮转角': -100}"
1696644475.4834132,419406375,"{'刹车状态': 1, '发动机扭矩百分比': 11, '方向盘故障': 0, '方向盘位置传感器值': 0}"
1696644475.5824015,419406119,"{'档位': 0, '车速': 0.0, '提升器高度': 0, '提升器合力': 250, '车不动原因': 0, '前轮转角': -100}"
1696644475.5834095,419406375,"{'刹车状态': 1, '发动机扭矩百分比': 11, '方向盘故障': 0, '方向盘位置传感器值': 0}"
1696644475.682325,419406119,"{'档位': 0, '车速': 0.0, '提升器高度': 0, '提升器合力': 250, '车不动原因': 0, '前轮转角': -100}"
1696644475.6834304,419406375,"{'刹车状态': 1, '发动机扭矩百分比': 11, '方向盘故障': 0, '方向盘位置传感器值': 0}"
1696644475.7824028,419406119,"{'档位': 0, '车速': 0.0, '提升器高度': 0, '提升器合力': 250, '车不动原因': 0, '前轮转角': -100}"
1696644475.783589,419406375,"{'刹车状态': 1, '发动机扭矩百分比': 11, '方向盘故障': 0, '方向盘位置传感器值': 0}"
1696644475.8824391,419406119,"{'档位': 1, '车速': 0.0, '提升器高度': 0, '提升器合力': 250, '车不动原因': 0, '前轮转角': -100}"
1696644475.8834455,419406375,"{'刹车状态': 1, '发动机扭矩百分比': 11, '方向盘故障': 0, '方向盘位置传感器值': 0}"
1696644475.982594,419406119,"{'档位': 1, '车速': 0.0, '提升器高度': 0, '提升器合力': 250, '车不动原因': 0, '前轮转角': -100}"
1696644475.9835932,419406375,"{'刹车状态': 1, '发动机扭矩百分比': 11, '方向盘故障': 0, '方向盘位置传感器值': 0}"
1696644476.0825992,419406119,"{'档位': 1, '车速': 0.0, '提升器高度': 0, '提升器合力': 250, '车不动原因': 0, '前轮转角': -100}"
1696644476.0836499,419406375,"{'刹车状态': 1, '发动机扭矩百分比': 11, '方向盘故障': 0, '方向盘位置传感器值': 0}"
1696644476.1826503,419406119,"{'档位': 1, '车速': 0.0, '提升器高度': 0, '提升器合力': 250, '车不动原因': 0, '前轮转角': -100}"
1696644476.1836486,419406375,"{'刹车状态': 1, '发动机扭矩百分比': 11, '方向盘故障': 0, '方向盘位置传感器值': 0}"
1696644476.282712,419406119,"{'档位': 1, '车速': 0.0, '提升器高度': 0, '提升器合力': 250, '车不动原因': 0, '前轮转角': -100}"
1696644476.2835844,419406375,"{'刹车状态': 1, '发动机扭矩百分比': 11, '方向盘故障': 0, '方向盘位置传感器值': 0}"
1696644476.3827655,419406119,"{'档位': 1, '车速': 0.0, '提升器高度': 0, '提升器合力': 250, '车不动原因': 0, '前轮转角': -100}"
1696644476.3837242,419406375,"{'刹车状态': 1, '发动机扭矩百分比': 11, '方向盘故障': 0, '方向盘位置传感器值': 0}"
1696644476.4826608,419406119,"{'档位': 1, '车速': 0.0, '提升器高度': 0, '提升器合力': 250, '车不动原因': 0, '前轮转角': -100}"
1696644476.4837189,419406375,"{'刹车状态': 1, '发动机扭矩百分比': 11, '方向盘故障': 0, '方向盘位置传感器值': 0}"
1696644476.582713,419406119,"{'档位': 1, '车速': 0.0, '提升器高度': 0, '提升器合力': 250, '车不动原因': 0, '前轮转角': -100}"
1696644476.5837398,419406375,"{'刹车状态': 1, '发动机扭矩百分比': 11, '方向盘故障': 0, '方向盘位置传感器值': 0}"
1696644476.682786,419406119,"{'档位': 1, '车速': 0.0, '提升器高度': 0, '提升器合力': 250, '车不动原因': 0, '前轮转角': -100}"
1696644476.6838844,419406375,"{'刹车状态': 1, '发动机扭矩百分比': 11, '方向盘故障': 0, '方向盘位置传感器值': 0}"
1696644476.782805,419406119,"{'档位': 1, '车速': 0.0, '提升器高度': 0, '提升器合力': 250, '车不动原因': 0, '前轮转角': -100}"
1696644476.7838387,419406375,"{'刹车状态': 1, '发动机扭矩百分比': 11, '方向盘故障': 0, '方向盘位置传感器值': 0}"
1696644476.8829556,419406119,"{'档位': 1, '车速': 0.0, '提升器高度': 0, '提升器合力': 250, '车不动原因': 0, '前轮转角': -100}"
1696644476.883907,419406375,"{'刹车状态': 1, '发动机扭矩百分比': 11, '方向盘故障': 0, '方向盘位置传感器值': 0}"
1696644476.9828846,419406119,"{'档位': 1, '车速': 0.0, '提升器高度': 0, '提升器合力': 250, '车不动原因': 0, '前轮转角': -100}"
1696644476.9839294,419406375,"{'刹车状态': 1, '发动机扭矩百分比': 11, '方向盘故障': 0, '方向盘位置传感器值': 0}"
1696644477.0829084,419406119,"{'档位': 1, '车速': 0.0, '提升器高度': 0, '提升器合力': 250, '车不动原因': 0, '前轮转角': -100}"
1696644477.083987,419406375,"{'刹车状态': 1, '发动机扭矩百分比': 11, '方向盘故障': 0, '方向盘位置传感器值': 0}"
1696644477.182701,419406119,"{'档位': 1, '车速': 0.0, '提升器高度': 0, '提升器合力': 250, '车不动原因': 0, '前轮转角': -100}"
1696644477.183781,419406375,"{'刹车状态': 1, '发动机扭矩百分比': 11, '方向盘故障': 0, '方向盘位置传感器值': 0}"
1696644477.2829797,419406119,"{'档位': 1, '车速': 0.0, '提升器高度': 0, '提升器合力': 250, '车不动原因': 0, '前轮转角': -100}"
1696644477.2840712,419406375,"{'刹车状态': 1, '发动机扭矩百分比': 11, '方向盘故障': 0, '方向盘位置传感器值': 0}"
1696644477.3830774,419406119,"{'档位': 1, '车速': 0.0, '提升器高度': 0, '提升器合力': 250, '车不动原因': 0, '前轮转角': -100}"
1696644477.3840697,419406375,"{'刹车状态': 1, '发动机扭矩百分比': 11, '方向盘故障': 0, '方向盘位置传感器值': 0}"
1696644477.483169,419406119,"{'档位': 1, '车速': 0.0, '提升器高度': 0, '提升器合力': 250, '车不动原因': 0, '前轮转角': -100}"
1696644477.4841642,419406375,"{'刹车状态': 1, '发动机扭矩百分比': 11, '方向盘故障': 0, '方向盘位置传感器值': 0}"
1696644477.5831506,419406119,"{'档位': 1, '车速': 0.0, '提升器高度': 0, '提升器合力': 250, '车不动原因': 0, '前轮转角': -100}"
1696644477.584159,419406375,"{'刹车状态': 1, '发动机扭矩百分比': 12, '方向盘故障': 0, '方向盘位置传感器值': 0}"
1696644477.6832495,419406119,"{'档位': 1, '车速': 0.0, '提升器高度': 0, '提升器合力': 250, '车不动原因': 0, '前轮转角': -100}"
1696644477.6842232,419406375,"{'刹车状态': 1, '发动机扭矩百分比': 12, '方向盘故障': 0, '方向盘位置传感器值': 0}"
1696644477.7832453,419406119,"{'档位': 1, '车速': 0.0, '提升器高度': 0, '提升器合力': 250, '车不动原因': 0, '前轮转角': -100}"
1696644477.7842546,419406375,"{'刹车状态': 1, '发动机扭矩百分比': 12, '方向盘故障': 0, '方向盘位置传感器值': 0}"
1696644477.8832967,419406119,"{'档位': 1, '车速': 0.0, '提升器高度': 0, '提升器合力': 250, '车不动原因': 0, '前轮转角': -100}"
1696644477.884333,419406375,"{'刹车状态': 1, '发动机扭矩百分比': 12, '方向盘故障': 0, '方向盘位置传感器值': 0}"
1696644477.9833112,419406119,"{'档位': 1, '车速': 0.0, '提升器高度': 0, '提升器合力': 250, '车不动原因': 0, '前轮转角': -100}"
1696644477.9843392,419406375,"{'刹车状态': 1, '发动机扭矩百分比': 12, '方向盘故障': 0, '方向盘位置传感器值': 0}"
1696644478.0834942,419406119,"{'档位': 1, '车速': 0.0, '提升器高度': 0, '提升器合力': 250, '车不动原因': 0, '前轮转角': -100}"
1696644478.0844133,419406375,"{'刹车状态': 1, '发动机扭矩百分比': 12, '方向盘故障': 0, '方向盘位置传感器值': 0}"
1696644478.1833751,419406119,"{'档位': 1, '车速': 0.0, '提升器高度': 0, '提升器合力': 250, '车不动原因': 0, '前轮转角': -100}"
1696644478.1843963,419406375,"{'刹车状态': 1, '发动机扭矩百分比': 12, '方向盘故障': 0, '方向盘位置传感器值': 0}"
1696644478.2834165,419406119,"{'档位': 1, '车速': 0.0, '提升器高度': 0, '提升器合力': 250, '车不动原因': 0, '前轮转角': -100}"
1696644478.2844493,419406375,"{'刹车状态': 1, '发动机扭矩百分比': 13, '方向盘故障': 0, '方向盘位置传感器值': 0}"
1696644478.3836021,419406119,"{'档位': 1, '车速': 0.0, '提升器高度': 0, '提升器合力': 250, '车不动原因': 0, '前轮转角': -100}"
1696644478.3844926,419406375,"{'刹车状态': 1, '发动机扭矩百分比': 13, '方向盘故障': 0, '方向盘位置传感器值': 0}"
1696644478.4832282,419406119,"{'档位': 1, '车速': 0.0, '提升器高度': 0, '提升器合力': 250, '车不动原因': 0, '前轮转角': -100}"
1696644478.4843497,419406375,"{'刹车状态': 1, '发动机扭矩百分比': 13, '方向盘故障': 0, '方向盘位置传感器值': 0}"
1696644478.583271,419406119,"{'档位': 1, '车速': 0.0, '提升器高度': 0, '提升器合力': 250, '车不动原因': 0, '前轮转角': -100}"
1696644478.5844548,419406375,"{'刹车状态': 1, '发动机扭矩百分比': 13, '方向盘故障': 0, '方向盘位置传感器值': 0}"
1696644478.6834269,419406119,"{'档位': 1, '车速': 0.0, '提升器高度': 0, '提升器合力': 250, '车不动原因': 0, '前轮转角': -100}"
1696644478.6844215,419406375,"{'刹车状态': 1, '发动机扭矩百分比': 14, '方向盘故障': 0, '方向盘位置传感器值': 0}"
1696644478.783372,419406119,"{'档位': 1, '车速': 0.0, '提升器高度': 0, '提升器合力': 250, '车不动原因': 0, '前轮转角': -100}"
1696644478.7844782,419406375,"{'刹车状态': 1, '发动机扭矩百分比': 14, '方向盘故障': 0, '方向盘位置传感器值': 0}"
1696644478.8837826,419406119,"{'档位': 1, '车速': 0.0, '提升器高度': 0, '提升器合力': 250, '车不动原因': 0, '前轮转角': -100}"
1696644478.8847315,419406375,"{'刹车状态': 1, '发动机扭矩百分比': 14, '方向盘故障': 0, '方向盘位置传感器值': 0}"
1696644478.9837205,419406119,"{'档位': 1, '车速': 0.0, '提升器高度': 0, '提升器合力': 250, '车不动原因': 0, '前轮转角': -100}"
1696644478.9847507,419406375,"{'刹车状态': 1, '发动机扭矩百分比': 14, '方向盘故障': 0, '方向盘位置传感器值': 0}"
1696644479.083788,419406119,"{'档位': 1, '车速': 0.0, '提升器高度': 0, '提升器合力': 250, '车不动原因': 0, '前轮转角': -100}"
1696644479.084868,419406375,"{'刹车状态': 1, '发动机扭矩百分比': 15, '方向盘故障': 0, '方向盘位置传感器值': 0}"
1696644479.1838117,419406119,"{'档位': 1, '车速': 0.0, '提升器高度': 0, '提升器合力': 250, '车不动原因': 0, '前轮转角': -100}"
1696644479.1848137,419406375,"{'刹车状态': 1, '发动机扭矩百分比': 15, '方向盘故障': 0, '方向盘位置传感器值': 0}"
1696644479.2838519,419406119,"{'档位': 1, '车速': 0.0, '提升器高度': 0, '提升器合力': 250, '车不动原因': 0, '前轮转角': -100}"
1696644479.2848768,419406375,"{'刹车状态': 1, '发动机扭矩百分比': 16, '方向盘故障': 0, '方向盘位置传感器值': 0}"
1696644479.3839028,419406119,"{'档位': 1, '车速': 0.0, '提升器高度': 0, '提升器合力': 250, '车不动原因': 0, '前轮转角': -100}"
1696644479.384938,419406375,"{'刹车状态': 1, '发动机扭矩百分比': 16, '方向盘故障': 0, '方向盘位置传感器值': 0}"
1696644479.4839063,419406119,"{'档位': 1, '车速': 0.0, '提升器高度': 0, '提升器合力': 250, '车不动原因': 0, '前轮转角': -100}"
1696644479.485016,419406375,"{'刹车状态': 1, '发动机扭矩百分比': 16, '方向盘故障': 0, '方向盘位置传感器值': 0}"
1696644479.5840533,419406119,"{'档位': 1, '车速': 0.0, '提升器高度': 0, '提升器合力': 250, '车不动原因': 0, '前轮转角': -100}"
1696644479.5850103,419406375,"{'刹车状态': 1, '发动机扭矩百分比': 16, '方向盘故障': 0, '方向盘位置传感器值': 0}"
1696644479.684065,419406119,"{'档位': 1, '车速': 0.0, '提升器高度': 0, '提升器合力': 250, '车不动原因': 0, '前轮转角': -100}"
1696644479.6850526,419406375,"{'刹车状态': 1, '发动机扭矩百分比': 16, '方向盘故障': 0, '方向盘位置传感器值': 0}"
1696644479.7840474,419406119,"{'档位': 1, '车速': 0.0, '提升器高度': 0, '提升器合力': 250, '车不动原因': 0, '前轮转角': -100}"
1696644479.785111,419406375,"{'刹车状态': 1, '发动机扭矩百分比': 16, '方向盘故障': 0, '方向盘位置传感器值': 0}"
1696644479.8840594,419406119,"{'档位': 1, '车速': 0.0, '提升器高度': 0, '提升器合力': 250, '车不动原因': 0, '前轮转角': -100}"
1696644479.885138,419406375,"{'刹车状态': 1, '发动机扭矩百分比': 16, '方向盘故障': 0, '方向盘位置传感器值': 0}"
1696644479.9841232,419406119,"{'档位': 1, '车速': 0.0, '提升器高度': 0, '提升器合力': 250, '车不动原因': 0, '前轮转角': -100}"
1696644479.9851594,419406375,"{'刹车状态': 1, '发动机扭矩百分比': 16, '方向盘故障': 0, '方向盘位置传感器值': 0}"
1696644480.0840094,419406119,"{'档位': 1, '车速': 0.0, '提升器高度': 0, '提升器合力': 250, '车不动原因': 0, '前轮转角': -100}"
1696644480.0850313,419406375,"{'刹车状态': 1, '发动机扭矩百分比': 17, '方向盘故障': 0, '方向盘位置传感器值': 0}"
1696644480.1839345,419406119,"{'档位': 1, '车速': 0.0, '提升器高度': 0, '提升器合力': 250, '车不动原因': 0, '前轮转角': -100}"
1696644480.1850142,419406375,"{'刹车状态': 1, '发动机扭矩百分比': 18, '方向盘故障': 0, '方向盘位置传感器值': 0}"
1696644480.2842252,419406119,"{'档位': 1, '车速': 0.1484375, '提升器高度': 0, '提升器合力': 250, '车不动原因': 0, '前轮转角': -100}"
1696644480.285301,419406375,"{'刹车状态': 1, '发动机扭矩百分比': 19, '方向盘故障': 0, '方向盘位置传感器值': 0}"
1696644480.3842955,419406119,"{'档位': 1, '车速': 0.296875, '提升器高度': 0, '提升器合力': 250, '车不动原因': 0, '前轮转角': -100}"
1696644480.3853543,419406375,"{'刹车状态': 1, '发动机扭矩百分比': 19, '方向盘故障': 0, '方向盘位置传感器值': 0}"
1696644480.4843454,419406119,"{'档位': 1, '车速': 0.4296875, '提升器高度': 0, '提升器合力': 250, '车不动原因': 0, '前轮转角': -100}"
1696644480.4853747,419406375,"{'刹车状态': 1, '发动机扭矩百分比': 20, '方向盘故障': 0, '方向盘位置传感器值': 0}"
1696644480.584089,419406119,"{'档位': 1, '车速': 0.4140625, '提升器高度': 0, '提升器合力': 250, '车不动原因': 0, '前轮转角': -100}"
1696644480.5852761,419406375,"{'刹车状态': 1, '发动机扭矩百分比': 20, '方向盘故障': 0, '方向盘位置传感器值': 0}"
1696644480.684197,419406119,"{'档位': 1, '车速': 0.453125, '提升器高度': 0, '提升器合力': 250, '车不动原因': 0, '前轮转角': -100}"
1696644480.6852791,419406375,"{'刹车状态': 1, '发动机扭矩百分比': 20, '方向盘故障': 0, '方向盘位置传感器值': 0}"
1696644480.7844367,419406119,"{'档位': 1, '车速': 0.4921875, '提升器高度': 0, '提升器合力': 250, '车不动原因': 0, '前轮转角': -100}"
1696644480.7854955,419406375,"{'刹车状态': 1, '发动机扭矩百分比': 20, '方向盘故障': 0, '方向盘位置传感器值': 0}"
1696644480.88447,419406119,"{'档位': 1, '车速': 0.5078125, '提升器高度': 0, '提升器合力': 250, '车不动原因': 0, '前轮转角': -100}"
1696644480.8855743,419406375,"{'刹车状态': 1, '发动机扭矩百分比': 20, '方向盘故障': 0, '方向盘位置传感器值': 0}"
1696644480.9845865,419406119,"{'档位': 1, '车速': 0.53125, '提升器高度': 0, '提升器合力': 250, '车不动原因': 0, '前轮转角': -100}"
1696644480.9856496,419406375,"{'刹车状态': 1, '发动机扭矩百分比': 20, '方向盘故障': 0, '方向盘位置传感器值': 0}"
1696644481.0845845,419406119,"{'档位': 1, '车速': 0.5859375, '提升器高度': 0, '提升器合力': 250, '车不动原因': 0, '前轮转角': -100}"
1696644481.085672,419406375,"{'刹车状态': 1, '发动机扭矩百分比': 20, '方向盘故障': 0, '方向盘位置传感器值': 0}"
1696644481.1847193,419406119,"{'档位': 1, '车速': 0.6015625, '提升器高度': 0, '提升器合力': 250, '车不动原因': 0, '前轮转角': -100}"
1696644481.1858742,419406375,"{'刹车状态': 1, '发动机扭矩百分比': 21, '方向盘故障': 0, '方向盘位置传感器值': 0}"
1696644481.2846906,419406119,"{'档位': 1, '车速': 0.640625, '提升器高度': 0, '提升器合力': 250, '车不动原因': 0, '前轮转角': -100}"
1696644481.2857394,419406375,"{'刹车状态': 1, '发动机扭矩百分比': 21, '方向盘故障': 0, '方向盘位置传感器值': 0}"
1696644481.3848033,419406119,"{'档位': 1, '车速': 0.796875, '提升器高度': 0, '提升器合力': 250, '车不动原因': 0, '前轮转角': -100}"
1696644481.3858445,419406375,"{'刹车状态': 1, '发动机扭矩百分比': 22, '方向盘故障': 0, '方向盘位置传感器值': 0}"
1696644481.484762,419406119,"{'档位': 1, '车速': 0.8515625, '提升器高度': 0, '提升器合力': 250, '车不动原因': 0, '前轮转角': -100}"
1696644481.4857705,419406375,"{'刹车状态': 1, '发动机扭矩百分比': 25, '方向盘故障': 0, '方向盘位置传感器值': 0}"
1696644481.5847926,419406119,"{'档位': 1, '车速': 0.984375, '提升器高度': 0, '提升器合力': 250, '车不动原因': 0, '前轮转角': -100}"
1696644481.585876,419406375,"{'刹车状态': 1, '发动机扭矩百分比': 26, '方向盘故障': 0, '方向盘位置传感器值': 0}"
1696644481.6849344,419406119,"{'档位': 1, '车速': 1.15625, '提升器高度': 0, '提升器合力': 250, '车不动原因': 0, '前轮转角': -100}"
1696644481.685924,419406375,"{'刹车状态': 1, '发动机扭矩百分比': 25, '方向盘故障': 0, '方向盘位置传感器值': 0}"
1696644481.7849662,419406119,"{'档位': 1, '车速': 1.2109375, '提升器高度': 0, '提升器合力': 250, '车不动原因': 0, '前轮转角': -100}"
1696644481.7859461,419406375,"{'刹车状态': 1, '发动机扭矩百分比': 24, '方向盘故障': 0, '方向盘位置传感器值': 0}"
1696644481.884789,419406119,"{'档位': 1, '车速': 1.421875, '提升器高度': 0, '提升器合力': 250, '车不动原因': 0, '前轮转角': -100}"
1696644481.8858862,419406375,"{'刹车状态': 0, '发动机扭矩百分比': 26, '方向盘故障': 0, '方向盘位置传感器值': 0}"
1696644481.985022,419406119,"{'档位': 1, '车速': 1.5390625, '提升器高度': 0, '提升器合力': 250, '车不动原因': 0, '前轮转角': -100}"
1696644481.9860263,419406375,"{'刹车状态': 0, '发动机扭矩百分比': 27, '方向盘故障': 0, '方向盘位置传感器值': 0}"
1696644482.0849705,419406119,"{'档位': 1, '车速': 1.671875, '提升器高度': 0, '提升器合力': 250, '车不动原因': 0, '前轮转角': -100}"
1696644482.0860288,419406375,"{'刹车状态': 0, '发动机扭矩百分比': 27, '方向盘故障': 0, '方向盘位置传感器值': 0}"
1696644482.1850417,419406119,"{'档位': 1, '车速': 2.03125, '提升器高度': 0, '提升器合力': 250, '车不动原因': 0, '前轮转角': -100}"
1696644482.186285,419406375,"{'刹车状态': 0, '发动机扭矩百分比': 27, '方向盘故障': 0, '方向盘位置传感器值': 0}"
1696644482.2848148,419406119,"{'档位': 1, '车速': 2.125, '提升器高度': 0, '提升器合力': 250, '车不动原因': 0, '前轮转角': -100}"
1696644482.2858765,419406375,"{'刹车状态': 0, '发动机扭矩百分比': 29, '方向盘故障': 0, '方向盘位置传感器值': 0}"
1696644482.384849,419406119,"{'档位': 1, '车速': 2.5625, '提升器高度': 0, '提升器合力': 250, '车不动原因': 0, '前轮转角': -100}"
1696644482.3859603,419406375,"{'刹车状态': 0, '发动机扭矩百分比': 31, '方向盘故障': 0, '方向盘位置传感器值': 0}"
1696644482.4852314,419406119,"{'档位': 1, '车速': 2.6015625, '提升器高度': 0, '提升器合力': 250, '车不动原因': 0, '前轮转角': -100}"
1696644482.4862232,419406375,"{'刹车状态': 0, '发动机扭矩百分比': 33, '方向盘故障': 0, '方向盘位置传感器值': 0}"
1696644482.585292,419406119,"{'档位': 1, '车速': 3.1484375, '提升器高度': 0, '提升器合力': 250, '车不动原因': 0, '前轮转角': -100}"
1696644482.5864043,419406375,"{'刹车状态': 0, '发动机扭矩百分比': 34, '方向盘故障': 0, '方向盘位置传感器值': 0}"
1696644482.6859639,419406119,"{'档位': 1, '车速': 3.2109375, '提升器高度': 0, '提升器合力': 250, '车不动原因': 0, '前轮转角': -100}"
1696644482.6869593,419406375,"{'刹车状态': 0, '发动机扭矩百分比': 35, '方向盘故障': 0, '方向盘位置传感器值': 0}"
1696644482.785053,419406119,"{'档位': 1, '车速': 3.7421875, '提升器高度': 0, '提升器合力': 250, '车不动原因': 0, '前轮转角': -100}"
1696644482.7861557,419406375,"{'刹车状态': 0, '发动机扭矩百分比': 35, '方向盘故障': 0, '方向盘位置传感器值': 0}"
1696644482.8850715,419406119,"{'档位': 1, '车速': 3.859375, '提升器高度': 0, '提升器合力': 250, '车不动原因': 0, '前轮转角': -100}"
1696644482.8861575,419406375,"{'刹车状态': 0, '发动机扭矩百分比': 35, '方向盘故障': 0, '方向盘位置传感器值': 0}"
1696644482.9851773,419406119,"{'档位': 1, '车速': 4.125, '提升器高度': 0, '提升器合力': 250, '车不动原因': 0, '前轮转角': -100}"
1696644482.9862633,419406375,"{'刹车状态': 0, '发动机扭矩百分比': 31, '方向盘故障': 0, '方向盘位置传感器值': 0}"
1696644483.0852852,419406119,"{'档位': 1, '车速': 3.96875, '提升器高度': 0, '提升器合力': 250, '车不动原因': 0, '前轮转角': -100}"
1696644483.086464,419406375,"{'刹车状态': 0, '发动机扭矩百分比': 27, '方向盘故障': 0, '方向盘位置传感器值': 0}"
1696644483.185407,419406119,"{'档位': 1, '车速': 4.1796875, '提升器高度': 0, '提升器合力': 250, '车不动原因': 0, '前轮转角': -100}"
1696644483.1864717,419406375,"{'刹车状态': 0, '发动机扭矩百分比': 26, '方向盘故障': 0, '方向盘位置传感器值': 0}"
1696644483.2854495,419406119,"{'档位': 1, '车速': 4.21875, '提升器高度': 0, '提升器合力': 250, '车不动原因': 0, '前轮转角': -100}"
1696644483.286542,419406375,"{'刹车状态': 0, '发动机扭矩百分比': 23, '方向盘故障': 0, '方向盘位置传感器值': 0}"
1696644483.3854854,419406119,"{'档位': 1, '车速': 4.40625, '提升器高度': 0, '提升器合力': 250, '车不动原因': 0, '前轮转角': -100}"
1696644483.3865526,419406375,"{'刹车状态': 0, '发动机扭矩百分比': 22, '方向盘故障': 0, '方向盘位置传感器值': 0}"
1696644483.485554,419406119,"{'档位': 1, '车速': 4.3671875, '提升器高度': 0, '提升器合力': 250, '车不动原因': 0, '前轮转角': -100}"
1696644483.4866157,419406375,"{'刹车状态': 0, '发动机扭矩百分比': 22, '方向盘故障': 0, '方向盘位置传感器值': 0}"
1696644483.5856273,419406119,"{'档位': 1, '车速': 4.15625, '提升器高度': 0, '提升器合力': 250, '车不动原因': 0, '前轮转角': -100}"
1696644483.58682,419406375,"{'刹车状态': 0, '发动机扭矩百分比': 22, '方向盘故障': 0, '方向盘位置传感器值': 0}"
1696644483.6857677,419406119,"{'档位': 1, '车速': 4.21875, '提升器高度': 0, '提升器合力': 250, '车不动原因': 0, '前轮转角': -100}"
1696644483.6868298,419406375,"{'刹车状态': 0, '发动机扭矩百分比': 21, '方向盘故障': 0, '方向盘位置传感器值': 0}"
1696644483.7856948,419406119,"{'档位': 1, '车速': 4.3125, '提升器高度': 0, '提升器合力': 250, '车不动原因': 0, '前轮转角': -100}"
1696644483.7867131,419406375,"{'刹车状态': 0, '发动机扭矩百分比': 21, '方向盘故障': 0, '方向盘位置传感器值': 0}"
1696644483.8858838,419406119,"{'档位': 1, '车速': 4.40625, '提升器高度': 0, '提升器合力': 250, '车不动原因': 0, '前轮转角': -100}"
1696644483.886989,419406375,"{'刹车状态': 0, '发动机扭矩百分比': 21, '方向盘故障': 0, '方向盘位置传感器值': 0}"
1696644483.98583,419406119,"{'档位': 1, '车速': 4.0625, '提升器高度': 0, '提升器合力': 250, '车不动原因': 0, '前轮转角': -100}"
1696644483.9870548,419406375,"{'刹车状态': 0, '发动机扭矩百分比': 21, '方向盘故障': 0, '方向盘位置传感器值': 0}"
1696644484.0862315,419406119,"{'档位': 1, '车速': 4.21875, '提升器高度': 0, '提升器合力': 250, '车不动原因': 0, '前轮转角': -100}"
1696644484.0882678,419406375,"{'刹车状态': 0, '发动机扭矩百分比': 21, '方向盘故障': 0, '方向盘位置传感器值': 0}"
1696644484.1858761,419406119,"{'档位': 1, '车速': 4.1796875, '提升器高度': 0, '提升器合力': 250, '车不动原因': 0, '前轮转角': -100}"
1696644484.1869433,419406375,"{'刹车状态': 0, '发动机扭矩百分比': 21, '方向盘故障': 0, '方向盘位置传感器值': 0}"
1696644484.28592,419406119,"{'档位': 1, '车速': 4.3515625, '提升器高度': 0, '提升器合力': 250, '车不动原因': 0, '前轮转角': -100}"
1696644484.286983,419406375,"{'刹车状态': 0, '发动机扭矩百分比': 22, '方向盘故障': 0, '方向盘位置传感器值': 0}"
1696644484.3859074,419406119,"{'档位': 1, '车速': 4.0234375, '提升器高度': 0, '提升器合力': 250, '车不动原因': 0, '前轮转角': -100}"
1696644484.386981,419406375,"{'刹车状态': 0, '发动机扭矩百分比': 21, '方向盘故障': 0, '方向盘位置传感器值': 0}"
1696644484.4860015,419406119,"{'档位': 1, '车速': 4.1953125, '提升器高度': 0, '提升器合力': 250, '车不动原因': 0, '前轮转角': -100}"
1696644484.487069,419406375,"{'刹车状态': 0, '发动机扭矩百分比': 21, '方向盘故障': 0, '方向盘位置传感器值': 0}"
1696644484.5861108,419406119,"{'档位': 1, '车速': 4.234375, '提升器高度': 0, '提升器合力': 250, '车不动原因': 0, '前轮转角': -100}"
1696644484.5871103,419406375,"{'刹车状态': 0, '发动机扭矩百分比': 21, '方向盘故障': 0, '方向盘位置传感器值': 0}"
1696644484.6860752,419406119,"{'档位': 1, '车速': 4.2734375, '提升器高度': 0, '提升器合力': 250, '车不动原因': 0, '前轮转角': -100}"
1696644484.6872115,419406375,"{'刹车状态': 0, '发动机扭矩百分比': 21, '方向盘故障': 0, '方向盘位置传感器值': 0}"
1696644484.7861347,419406119,"{'档位': 1, '车速': 4.0859375, '提升器高度': 0, '提升器合力': 250, '车不动原因': 0, '前轮转角': -100}"
1696644484.7871964,419406375,"{'刹车状态': 0, '发动机扭矩百分比': 20, '方向盘故障': 0, '方向盘位置传感器值': 0}"
1696644484.8861814,419406119,"{'档位': 1, '车速': 4.140625, '提升器高度': 0, '提升器合力': 250, '车不动原因': 0, '前轮转角': -100}"
1696644484.887183,419406375,"{'刹车状态': 0, '发动机扭矩百分比': 21, '方向盘故障': 0, '方向盘位置传感器值': 0}"
1696644484.986218,419406119,"{'档位': 1, '车速': 4.328125, '提升器高度': 0, '提升器合力': 250, '车不动原因': 0, '前轮转角': -100}"
1696644484.987252,419406375,"{'刹车状态': 0, '发动机扭矩百分比': 21, '方向盘故障': 0, '方向盘位置传感器值': 0}"
1696644485.086383,419406119,"{'档位': 1, '车速': 4.0234375, '提升器高度': 0, '提升器合力': 250, '车不动原因': 0, '前轮转角': -100}"
1696644485.0873275,419406375,"{'刹车状态': 0, '发动机扭矩百分比': 20, '方向盘故障': 0, '方向盘位置传感器值': 0}"
1696644485.186297,419406119,"{'档位': 1, '车速': 4.125, '提升器高度': 0, '提升器合力': 250, '车不动原因': 0, '前轮转角': -100}"
1696644485.1873593,419406375,"{'刹车状态': 0, '发动机扭矩百分比': 20, '方向盘故障': 0, '方向盘位置传感器值': 0}"
1696644485.2863216,419406119,"{'档位': 1, '车速': 4.1796875, '提升器高度': 0, '提升器合力': 250, '车不动原因': 0, '前轮转角': -100}"
1696644485.2874246,419406375,"{'刹车状态': 0, '发动机扭矩百分比': 20, '方向盘故障': 0, '方向盘位置传感器值': 0}"
1696644485.3864925,419406119,"{'档位': 1, '车速': 4.234375, '提升器高度': 0, '提升器合力': 250, '车不动原因': 0, '前轮转角': -100}"
1696644485.3874838,419406375,"{'刹车状态': 0, '发动机扭矩百分比': 20, '方向盘故障': 0, '方向盘位置传感器值': 0}"
1696644485.4864337,419406119,"{'档位': 1, '车速': 4.0625, '提升器高度': 0, '提升器合力': 250, '车不动原因': 0, '前轮转角': -100}"
1696644485.4874506,419406375,"{'刹车状态': 0, '发动机扭矩百分比': 20, '方向盘故障': 0, '方向盘位置传感器值': 0}"
1696644485.5864327,419406119,"{'档位': 1, '车速': 4.15625, '提升器高度': 0, '提升器合力': 250, '车不动原因': 0, '前轮转角': -100}"
1696644485.5875554,419406375,"{'刹车状态': 0, '发动机扭矩百分比': 20, '方向盘故障': 0, '方向盘位置传感器值': 0}"
1696644485.6866093,419406119,"{'档位': 1, '车速': 4.234375, '提升器高度': 0, '提升器合力': 250, '车不动原因': 0, '前轮转角': -100}"
1696644485.6875768,419406375,"{'刹车状态': 0, '发动机扭矩百分比': 21, '方向盘故障': 0, '方向盘位置传感器值': 0}"
1696644485.786536,419406119,"{'档位': 1, '车速': 3.9921875, '提升器高度': 0, '提升器合力': 250, '车不动原因': 0, '前轮转角': -100}"
1696644485.7876039,419406375,"{'刹车状态': 0, '发动机扭矩百分比': 21, '方向盘故障': 0, '方向盘位置传感器值': 0}"
1696644485.8865883,419406119,"{'档位': 1, '车速': 4.125, '提升器高度': 0, '提升器合力': 250, '车不动原因': 0, '前轮转角': -100}"
1696644485.887683,419406375,"{'刹车状态': 0, '发动机扭矩百分比': 21, '方向盘故障': 0, '方向盘位置传感器值': 0}"
1696644485.9866498,419406119,"{'档位': 1, '车速': 4.2734375, '提升器高度': 0, '提升器合力': 250, '车不动原因': 0, '前轮转角': -100}"
1696644485.9876752,419406375,"{'刹车状态': 0, '发动机扭矩百分比': 21, '方向盘故障': 0, '方向盘位置传感器值': 0}"
1696644486.0866492,419406119,"{'档位': 1, '车速': 3.9921875, '提升器高度': 0, '提升器合力': 250, '车不动原因': 0, '前轮转角': -100}"
1696644486.0877156,419406375,"{'刹车状态': 0, '发动机扭矩百分比': 21, '方向盘故障': 0, '方向盘位置传感器值': 0}"
1696644486.186522,419406119,"{'档位': 1, '车速': 4.1015625, '提升器高度': 0, '提升器合力': 250, '车不动原因': 0, '前轮转角': -100}"
1696644486.1876307,419406375,"{'刹车状态': 0, '发动机扭矩百分比': 20, '方向盘故障': 0, '方向盘位置传感器值': 0}"
1696644486.2867138,419406119,"{'档位': 1, '车速': 4.3125, '提升器高度': 0, '提升器合力': 250, '车不动原因': 0, '前轮转角': -100}"
1696644486.2877755,419406375,"{'刹车状态': 0, '发动机扭矩百分比': 20, '方向盘故障': 0, '方向盘位置传感器值': 0}"
1696644486.3868613,419406119,"{'档位': 1, '车速': 3.9921875, '提升器高度': 0, '提升器合力': 250, '车不动原因': 0, '前轮转角': -100}"
1696644486.3877826,419406375,"{'刹车状态': 0, '发动机扭矩百分比': 20, '方向盘故障': 0, '方向盘位置传感器值': 0}"
1696644486.4868972,419406119,"{'档位': 1, '车速': 4.0859375, '提升器高度': 0, '提升器合力': 250, '车不动原因': 0, '前轮转角': -100}"
1696644486.4878924,419406375,"{'刹车状态': 0, '发动机扭矩百分比': 21, '方向盘故障': 0, '方向盘位置传感器值': 0}"
1696644486.5868,419406119,"{'档位': 1, '车速': 4.2578125, '提升器高度': 0, '提升器合力': 250, '车不动原因': 0, '前轮转角': -100}"
1696644486.5877893,419406375,"{'刹车状态': 0, '发动机扭矩百分比': 22, '方向盘故障': 0, '方向盘位置传感器值': 0}"
1696644486.6868355,419406119,"{'档位': 1, '车速': 3.9296875, '提升器高度': 0, '提升器合力': 250, '车不动原因': 0, '前轮转角': -100}"
1696644486.6878889,419406375,"{'刹车状态': 0, '发动机扭矩百分比': 21, '方向盘故障': 0, '方向盘位置传感器值': 0}"
1696644486.786862,419406119,"{'档位': 1, '车速': 4.1015625, '提升器高度': 0, '提升器合力': 250, '车不动原因': 0, '前轮转角': -100}"
1696644486.7879217,419406375,"{'刹车状态': 0, '发动机扭矩百分比': 21, '方向盘故障': 0, '方向盘位置传感器值': 0}"
1696644486.8870683,419406119,"{'档位': 1, '车速': 4.2890625, '提升器高度': 0, '提升器合力': 250, '车不动原因': 0, '前轮转角': -100}"
1696644486.89015,419406375,"{'刹车状态': 0, '发动机扭矩百分比': 21, '方向盘故障': 0, '方向盘位置传感器值': 0}"
1696644486.9870982,419406119,"{'档位': 1, '车速': 3.9296875, '提升器高度': 0, '提升器合力': 250, '车不动原因': 0, '前轮转角': -100}"
1696644486.9880772,419406375,"{'刹车状态': 0, '发动机扭矩百分比': 21, '方向盘故障': 0, '方向盘位置传感器值': 0}"
1696644487.087169,419406119,"{'档位': 1, '车速': 4.0859375, '提升器高度': 0, '提升器合力': 250, '车不动原因': 0, '前轮转角': -100}"
1696644487.0881352,419406375,"{'刹车状态': 0, '发动机扭矩百分比': 21, '方向盘故障': 0, '方向盘位置传感器值': 0}"
1696644487.187074,419406119,"{'档位': 1, '车速': 4.2734375, '提升器高度': 0, '提升器合力': 250, '车不动原因': 0, '前轮转角': -100}"
1696644487.1880827,419406375,"{'刹车状态': 0, '发动机扭矩百分比': 21, '方向盘故障': 0, '方向盘位置传感器值': 0}"
1696644487.2871552,419406119,"{'档位': 1, '车速': 3.9296875, '提升器高度': 0, '提升器合力': 250, '车不动原因': 0, '前轮转角': -100}"
1696644487.2881124,419406375,"{'刹车状态': 0, '发动机扭矩百分比': 21, '方向盘故障': 0, '方向盘位置传感器值': 0}"
1696644487.387229,419406119,"{'档位': 1, '车速': 4.1015625, '提升器高度': 0, '提升器合力': 250, '车不动原因': 0, '前轮转角': -100}"
1696644487.388221,419406375,"{'刹车状态': 0, '发动机扭矩百分比': 21, '方向盘故障': 0, '方向盘位置传感器值': 0}"
1696644487.4872832,419406119,"{'档位': 1, '车速': 4.2578125, '提升器高度': 0, '提升器合力': 250, '车不动原因': 0, '前轮转角': -100}"
1696644487.4882514,419406375,"{'刹车状态': 0, '发动机扭矩百分比': 21, '方向盘故障': 0, '方向盘位置传感器值': 0}"
1696644487.587313,419406119,"{'档位': 1, '车速': 3.9921875, '提升器高度': 0, '提升器合力': 250, '车不动原因': 0, '前轮转角': -100}"
1696644487.5883234,419406375,"{'刹车状态': 0, '发动机扭矩百分比': 21, '方向盘故障': 0, '方向盘位置传感器值': 0}"
1696644487.687344,419406119,"{'档位': 1, '车速': 4.0859375, '提升器高度': 0, '提升器合力': 250, '车不动原因': 0, '前轮转角': -100}"
1696644487.688391,419406375,"{'刹车状态': 0, '发动机扭矩百分比': 21, '方向盘故障': 0, '方向盘位置传感器值': 0}"
1696644487.7873046,419406119,"{'档位': 1, '车速': 4.234375, '提升器高度': 0, '提升器合力': 250, '车不动原因': 0, '前轮转角': -100}"
1696644487.788339,419406375,"{'刹车状态': 0, '发动机扭矩百分比': 21, '方向盘故障': 0, '方向盘位置传感器值': 0}"
1696644487.887494,419406119,"{'档位': 1, '车速': 3.953125, '提升器高度': 0, '提升器合力': 250, '车不动原因': 0, '前轮转角': -100}"
1696644487.8885908,419406375,"{'刹车状态': 0, '发动机扭矩百分比': 21, '方向盘故障': 0, '方向盘位置传感器值': 0}"
1696644487.987425,419406119,"{'档位': 1, '车速': 4.125, '提升器高度': 0, '提升器合力': 250, '车不动原因': 0, '前轮转角': -100}"
1696644487.9884698,419406375,"{'刹车状态': 0, '发动机扭矩百分比': 21, '方向盘故障': 0, '方向盘位置传感器值': 0}"
1696644488.0874324,419406119,"{'档位': 1, '车速': 4.21875, '提升器高度': 0, '提升器合力': 250, '车不动原因': 0, '前轮转角': -100}"
1696644488.088471,419406375,"{'刹车状态': 0, '发动机扭矩百分比': 21, '方向盘故障': 0, '方向盘位置传感器值': 0}"
1696644488.1875973,419406119,"{'档位': 1, '车速': 3.953125, '提升器高度': 0, '提升器合力': 250, '车不动原因': 0, '前轮转角': -100}"
1696644488.1885397,419406375,"{'刹车状态': 0, '发动机扭矩百分比': 21, '方向盘故障': 0, '方向盘位置传感器值': 0}"
1696644488.2875478,419406119,"{'档位': 1, '车速': 4.0859375, '提升器高度': 0, '提升器合力': 250, '车不动原因': 0, '前轮转角': -100}"
1696644488.2885585,419406375,"{'刹车状态': 0, '发动机扭矩百分比': 21, '方向盘故障': 0, '方向盘位置传感器值': 0}"
1696644488.3875747,419406119,"{'档位': 1, '车速': 4.2734375, '提升器高度': 0, '提升器合力': 250, '车不动原因': 0, '前轮转角': -100}"
1696644488.3885982,419406375,"{'刹车状态': 0, '发动机扭矩百分比': 22, '方向盘故障': 0, '方向盘位置传感器值': 0}"
1696644488.4877288,419406119,"{'档位': 1, '车速': 3.9296875, '提升器高度': 0, '提升器合力': 250, '车不动原因': 0, '前轮转角': -100}"
1696644488.4886472,419406375,"{'刹车状态': 0, '发动机扭矩百分比': 22, '方向盘故障': 0, '方向盘位置传感器值': 0}"
1696644488.5878263,419406119,"{'档位': 1, '车速': 4.0625, '提升器高度': 0, '提升器合力': 250, '车不动原因': 0, '前轮转角': -100}"
1696644488.5887024,419406375,"{'刹车状态': 0, '发动机扭矩百分比': 21, '方向盘故障': 0, '方向盘位置传感器值': 0}"
1696644488.6876934,419406119,"{'档位': 1, '车速': 4.3125, '提升器高度': 0, '提升器合力': 250, '车不动原因': 0, '前轮转角': -100}"
1696644488.6887507,419406375,"{'刹车状态': 0, '发动机扭矩百分比': 21, '方向盘故障': 0, '方向盘位置传感器值': 0}"
1696644488.7878466,419406119,"{'档位': 1, '车速': 3.953125, '提升器高度': 0, '提升器合力': 250, '车不动原因': 0, '前轮转角': -100}"
1696644488.7887785,419406375,"{'刹车状态': 0, '发动机扭矩百分比': 21, '方向盘故障': 0, '方向盘位置传感器值': 0}"
1696644488.887781,419406119,"{'档位': 1, '车速': 4.0859375, '提升器高度': 0, '提升器合力': 250, '车不动原因': 0, '前轮转角': -100}"
1696644488.8888087,419406375,"{'刹车状态': 0, '发动机扭矩百分比': 21, '方向盘故障': 0, '方向盘位置传感器值': 0}"
1696644488.9879482,419406119,"{'档位': 1, '车速': 4.2734375, '提升器高度': 0, '提升器合力': 250, '车不动原因': 0, '前轮转角': -100}"
1696644488.9888673,419406375,"{'刹车状态': 0, '发动机扭矩百分比': 21, '方向盘故障': 0, '方向盘位置传感器值': 0}"
1696644489.0888755,419406119,"{'档位': 1, '车速': 3.9140625, '提升器高度': 0, '提升器合力': 250, '车不动原因': 0, '前轮转角': -100}"
1696644489.089387,419406375,"{'刹车状态': 0, '发动机扭矩百分比': 21, '方向盘故障': 0, '方向盘位置传感器值': 0}"
1696644489.1879988,419406119,"{'档位': 1, '车速': 4.0859375, '提升器高度': 0, '提升器合力': 250, '车不动原因': 0, '前轮转角': -100}"
1696644489.188952,419406375,"{'刹车状态': 0, '发动机扭矩百分比': 21, '方向盘故障': 0, '方向盘位置传感器值': 0}"
1696644489.2880232,419406119,"{'档位': 1, '车速': 4.2734375, '提升器高度': 0, '提升器合力': 250, '车不动原因': 0, '前轮转角': -100}"
1696644489.2890139,419406375,"{'刹车状态': 0, '发动机扭矩百分比': 21, '方向盘故障': 0, '方向盘位置传感器值': 0}"
1696644489.3880744,419406119,"{'档位': 1, '车速': 3.9921875, '提升器高度': 0, '提升器合力': 250, '车不动原因': 0, '前轮转角': -100}"
1696644489.3890758,419406375,"{'刹车状态': 0, '发动机扭矩百分比': 21, '方向盘故障': 0, '方向盘位置传感器值': 0}"
1696644489.4880412,419406119,"{'档位': 1, '车速': 4.0859375, '提升器高度': 0, '提升器合力': 250, '车不动原因': 0, '前轮转角': -100}"
1696644489.4890678,419406375,"{'刹车状态': 0, '发动机扭矩百分比': 21, '方向盘故障': 0, '方向盘位置传感器值': 0}"
1696644489.5880704,419406119,"{'档位': 1, '车速': 4.2578125, '提升器高度': 0, '提升器合力': 250, '车不动原因': 0, '前轮转角': -100}"
1696644489.5891466,419406375,"{'刹车状态': 0, '发动机扭矩百分比': 21, '方向盘故障': 0, '方向盘位置传感器值': 0}"
1696644489.6880765,419406119,"{'档位': 1, '车速': 3.96875, '提升器高度': 0, '提升器合力': 250, '车不动原因': 0, '前轮转角': -100}"
1696644489.689137,419406375,"{'刹车状态': 0, '发动机扭矩百分比': 21, '方向盘故障': 0, '方向盘位置传感器值': 0}"
1696644489.7881238,419406119,"{'档位': 1, '车速': 4.1015625, '提升器高度': 0, '提升器合力': 250, '车不动原因': 0, '前轮转角': -100}"
1696644489.7891774,419406375,"{'刹车状态': 0, '发动机扭矩百分比': 21, '方向盘故障': 0, '方向盘位置传感器值': 0}"
1696644489.888157,419406119,"{'档位': 1, '车速': 4.1953125, '提升器高度': 0, '提升器合力': 250, '车不动原因': 0, '前轮转角': -100}"
1696644489.8892467,419406375,"{'刹车状态': 0, '发动机扭矩百分比': 21, '方向盘故障': 0, '方向盘位置传感器值': 0}"
1696644489.9882374,419406119,"{'档位': 1, '车速': 3.96875, '提升器高度': 0, '提升器合力': 250, '车不动原因': 0, '前轮转角': -100}"
1696644489.989311,419406375,"{'刹车状态': 0, '发动机扭矩百分比': 21, '方向盘故障': 0, '方向盘位置传感器值': 0}"
1696644490.088267,419406119,"{'档位': 1, '车速': 4.125, '提升器高度': 0, '提升器合力': 250, '车不动原因': 0, '前轮转角': -100}"
1696644490.0893135,419406375,"{'刹车状态': 0, '发动机扭矩百分比': 21, '方向盘故障': 0, '方向盘位置传感器值': 0}"
1696644490.188405,419406119,"{'档位': 1, '车速': 4.21875, '提升器高度': 0, '提升器合力': 250, '车不动原因': 0, '前轮转角': -100}"
1696644490.189537,419406375,"{'刹车状态': 0, '发动机扭矩百分比': 21, '方向盘故障': 0, '方向盘位置传感器值': 0}"
1696644490.2885141,419406119,"{'档位': 1, '车速': 3.953125, '提升器高度': 0, '提升器合力': 250, '车不动原因': 0, '前轮转角': -100}"
1696644490.2895,419406375,"{'刹车状态': 0, '发动机扭矩百分比': 21, '方向盘故障': 0, '方向盘位置传感器值': 0}"
1696644490.3884618,419406119,"{'档位': 1, '车速': 4.1015625, '提升器高度': 0, '提升器合力': 250, '车不动原因': 0, '前轮转角': -100}"
1696644490.3894713,419406375,"{'刹车状态': 0, '发动机扭矩百分比': 21, '方向盘故障': 0, '方向盘位置传感器值': 0}"
1696644490.4884388,419406119,"{'档位': 1, '车速': 4.1953125, '提升器高度': 0, '提升器合力': 250, '车不动原因': 0, '前轮转角': -100}"
1696644490.4894695,419406375,"{'刹车状态': 0, '发动机扭矩百分比': 20, '方向盘故障': 0, '方向盘位置传感器值': 0}"
1696644490.5886383,419406119,"{'档位': 1, '车速': 3.96875, '提升器高度': 0, '提升器合力': 250, '车不动原因': 0, '前轮转角': -100}"
1696644490.589652,419406375,"{'刹车状态': 0, '发动机扭矩百分比': 20, '方向盘故障': 0, '方向盘位置传感器值': 0}"
1696644490.688534,419406119,"{'档位': 1, '车速': 4.125, '提升器高度': 0, '提升器合力': 250, '车不动原因': 0, '前轮转角': -100}"
1696644490.6895747,419406375,"{'刹车状态': 0, '发动机扭矩百分比': 21, '方向盘故障': 0, '方向盘位置传感器值': 0}"
1696644490.788547,419406119,"{'档位': 1, '车速': 4.140625, '提升器高度': 0, '提升器合力': 250, '车不动原因': 0, '前轮转角': -100}"
1696644490.7896214,419406375,"{'刹车状态': 0, '发动机扭矩百分比': 21, '方向盘故障': 0, '方向盘位置传感器值': 0}"
1696644490.888591,419406119,"{'档位': 1, '车速': 3.875, '提升器高度': 0, '提升器合力': 250, '车不动原因': 0, '前轮转角': -100}"
1696644490.8896313,419406375,"{'刹车状态': 0, '发动机扭矩百分比': 22, '方向盘故障': 0, '方向盘位置传感器值': 0}"
1696644490.9887042,419406119,"{'档位': 1, '车速': 4.0625, '提升器高度': 0, '提升器合力': 250, '车不动原因': 0, '前轮转角': -100}"
1696644490.9897194,419406375,"{'刹车状态': 0, '发动机扭矩百分比': 22, '方向盘故障': 0, '方向盘位置传感器值': 0}"
1696644491.0887425,419406119,"{'档位': 1, '车速': 4.2578125, '提升器高度': 0, '提升器合力': 250, '车不动原因': 0, '前轮转角': -100}"
1696644491.0897365,419406375,"{'刹车状态': 0, '发动机扭矩百分比': 22, '方向盘故障': 0, '方向盘位置传感器值': 0}"
1696644491.1888094,419406119,"{'档位': 1, '车速': 3.9296875, '提升器高度': 0, '提升器合力': 250, '车不动原因': 0, '前轮转角': -100}"
1696644491.1898339,419406375,"{'刹车状态': 0, '发动机扭矩百分比': 21, '方向盘故障': 0, '方向盘位置传感器值': 0}"
1696644491.2887383,419406119,"{'档位': 1, '车速': 4.0859375, '提升器高度': 0, '提升器合力': 250, '车不动原因': 0, '前轮转角': -100}"
1696644491.2897933,419406375,"{'刹车状态': 0, '发动机扭矩百分比': 21, '方向盘故障': 0, '方向盘位置传感器值': 0}"
1696644491.3887832,419406119,"{'档位': 1, '车速': 4.2578125, '提升器高度': 0, '提升器合力': 250, '车不动原因': 0, '前轮转角': -100}"
1696644491.3897738,419406375,"{'刹车状态': 0, '发动机扭矩百分比': 21, '方向盘故障': 0, '方向盘位置传感器值': 0}"
1696644491.4888613,419406119,"{'档位': 1, '车速': 3.953125, '提升器高度': 0, '提升器合力': 250, '车不动原因': 0, '前轮转角': -100}"
1696644491.4899054,419406375,"{'刹车状态': 0, '发动机扭矩百分比': 21, '方向盘故障': 0, '方向盘位置传感器值': 0}"
1696644491.5887687,419406119,"{'档位': 1, '车速': 4.0859375, '提升器高度': 0, '提升器合力': 250, '车不动原因': 0, '前轮转角': -100}"
1696644491.5899057,419406375,"{'刹车状态': 0, '发动机扭矩百分比': 22, '方向盘故障': 0, '方向盘位置传感器值': 0}"
1696644491.688975,419406119,"{'档位': 1, '车速': 4.21875, '提升器高度': 0, '提升器合力': 250, '车不动原因': 0, '前轮转角': -100}"
1696644491.6902468,419406375,"{'刹车状态': 0, '发动机扭矩百分比': 21, '方向盘故障': 0, '方向盘位置传感器值': 0}"
1696644491.7889483,419406119,"{'档位': 1, '车速': 3.953125, '提升器高度': 0, '提升器合力': 250, '车不动原因': 0, '前轮转角': -100}"
1696644491.790013,419406375,"{'刹车状态': 0, '发动机扭矩百分比': 21, '方向盘故障': 0, '方向盘位置传感器值': 0}"
1696644491.888988,419406119,"{'档位': 1, '车速': 4.125, '提升器高度': 0, '提升器合力': 250, '车不动原因': 0, '前轮转角': -100}"
1696644491.8902192,419406375,"{'刹车状态': 0, '发动机扭矩百分比': 21, '方向盘故障': 0, '方向盘位置传感器值': 0}"
1696644491.9891212,419406119,"{'档位': 1, '车速': 4.1953125, '提升器高度': 0, '提升器合力': 250, '车不动原因': 0, '前轮转角': -100}"
1696644491.9902413,419406375,"{'刹车状态': 0, '发动机扭矩百分比': 21, '方向盘故障': 0, '方向盘位置传感器值': 0}"
1696644492.0891547,419406119,"{'档位': 1, '车速': 3.953125, '提升器高度': 0, '提升器合力': 250, '车不动原因': 0, '前轮转角': -100}"
1696644492.0902836,419406375,"{'刹车状态': 0, '发动机扭矩百分比': 21, '方向盘故障': 0, '方向盘位置传感器值': 0}"
1696644492.1892004,419406119,"{'档位': 1, '车速': 4.0859375, '提升器高度': 0, '提升器合力': 250, '车不动原因': 0, '前轮转角': -100}"
1696644492.1903713,419406375,"{'刹车状态': 0, '发动机扭矩百分比': 21, '方向盘故障': 0, '方向盘位置传感器值': 0}"
1696644492.2890902,419406119,"{'档位': 1, '车速': 4.2890625, '提升器高度': 0, '提升器合力': 250, '车不动原因': 0, '前轮转角': -100}"
1696644492.2901702,419406375,"{'刹车状态': 0, '发动机扭矩百分比': 21, '方向盘故障': 0, '方向盘位置传感器值': 0}"
1696644492.3892486,419406119,"{'档位': 1, '车速': 3.9296875, '提升器高度': 0, '提升器合力': 250, '车不动原因': 0, '前轮转角': -100}"
1696644492.390211,419406375,"{'刹车状态': 0, '发动机扭矩百分比': 21, '方向盘故障': 0, '方向盘位置传感器值': 0}"
1696644492.4893064,419406119,"{'档位': 1, '车速': 4.0859375, '提升器高度': 0, '提升器合力': 250, '车不动原因': 0, '前轮转角': -100}"
1696644492.490365,419406375,"{'刹车状态': 0, '发动机扭矩百分比': 21, '方向盘故障': 0, '方向盘位置传感器值': 0}"
1696644492.5891733,419406119,"{'档位': 1, '车速': 4.2734375, '提升器高度': 0, '提升器合力': 250, '车不动原因': 0, '前轮转角': -100}"
1696644492.5902114,419406375,"{'刹车状态': 0, '发动机扭矩百分比': 21, '方向盘故障': 0, '方向盘位置传感器值': 0}"
1696644492.6893055,419406119,"{'档位': 1, '车速': 3.9296875, '提升器高度': 0, '提升器合力': 250, '车不动原因': 0, '前轮转角': -100}"
1696644492.6904473,419406375,"{'刹车状态': 0, '发动机扭矩百分比': 21, '方向盘故障': 0, '方向盘位置传感器值': 0}"
1696644492.7893355,419406119,"{'档位': 1, '车速': 4.1015625, '提升器高度': 0, '提升器合力': 250, '车不动原因': 0, '前轮转角': -100}"
1696644492.7903795,419406375,"{'刹车状态': 0, '发动机扭矩百分比': 21, '方向盘故障': 0, '方向盘位置传感器值': 0}"
1696644492.8895724,419406119,"{'档位': 1, '车速': 4.234375, '提升器高度': 0, '提升器合力': 250, '车不动原因': 0, '前轮转角': -100}"
1696644492.8905592,419406375,"{'刹车状态': 0, '发动机扭矩百分比': 21, '方向盘故障': 0, '方向盘位置传感器值': 0}"
1696644492.9894454,419406119,"{'档位': 1, '车速': 3.9296875, '提升器高度': 0, '提升器合力': 250, '车不动原因': 0, '前轮转角': -100}"
1696644492.990572,419406375,"{'刹车状态': 0, '发动机扭矩百分比': 21, '方向盘故障': 0, '方向盘位置传感器值': 0}"
1696644493.0896258,419406119,"{'档位': 1, '车速': 4.1015625, '提升器高度': 0, '提升器合力': 250, '车不动原因': 0, '前轮转角': -100}"
1696644493.0906024,419406375,"{'刹车状态': 0, '发动机扭矩百分比': 21, '方向盘故障': 0, '方向盘位置传感器值': 0}"
1696644493.1896377,419406119,"{'档位': 1, '车速': 4.21875, '提升器高度': 0, '提升器合力': 250, '车不动原因': 0, '前轮转角': -100}"
1696644493.1906455,419406375,"{'刹车状态': 0, '发动机扭矩百分比': 21, '方向盘故障': 0, '方向盘位置传感器值': 0}"
1696644493.2897084,419406119,"{'档位': 1, '车速': 3.96875, '提升器高度': 0, '提升器合力': 250, '车不动原因': 0, '前轮转角': -100}"
1696644493.2907581,419406375,"{'刹车状态': 0, '发动机扭矩百分比': 21, '方向盘故障': 0, '方向盘位置传感器值': 0}"
1696644493.3897986,419406119,"{'档位': 1, '车速': 4.1015625, '提升器高度': 0, '提升器合力': 250, '车不动原因': 0, '前轮转角': -100}"
1696644493.3907418,419406375,"{'刹车状态': 0, '发动机扭矩百分比': 21, '方向盘故障': 0, '方向盘位置传感器值': 0}"
1696644493.4897637,419406119,"{'档位': 1, '车速': 4.2578125, '提升器高度': 0, '提升器合力': 250, '车不动原因': 0, '前轮转角': -100}"
1696644493.4908433,419406375,"{'刹车状态': 0, '发动机扭矩百分比': 21, '方向盘故障': 0, '方向盘位置传感器值': 0}"
1696644493.5896707,419406119,"{'档位': 1, '车速': 4.0078125, '提升器高度': 0, '提升器合力': 250, '车不动原因': 0, '前轮转角': -100}"
1696644493.5906658,419406375,"{'刹车状态': 0, '发动机扭矩百分比': 21, '方向盘故障': 0, '方向盘位置传感器值': 0}"
1696644493.6898506,419406119,"{'档位': 1, '车速': 4.1015625, '提升器高度': 0, '提升器合力': 250, '车不动原因': 0, '前轮转角': -100}"
1696644493.6908822,419406375,"{'刹车状态': 0, '发动机扭矩百分比': 20, '方向盘故障': 0, '方向盘位置传感器值': 0}"
1696644493.7899914,419406119,"{'档位': 1, '车速': 4.2578125, '提升器高度': 0, '提升器合力': 250, '车不动原因': 0, '前轮转角': -100}"
1696644493.7909517,419406375,"{'刹车状态': 0, '发动机扭矩百分比': 20, '方向盘故障': 0, '方向盘位置传感器值': 0}"
1696644493.8898573,419406119,"{'档位': 1, '车速': 4.0234375, '提升器高度': 0, '提升器合力': 250, '车不动原因': 0, '前轮转角': -100}"
1696644493.8909957,419406375,"{'刹车状态': 0, '发动机扭矩百分比': 20, '方向盘故障': 0, '方向盘位置传感器值': 0}"
1696644493.9898233,419406119,"{'档位': 1, '车速': 4.0625, '提升器高度': 0, '提升器合力': 250, '车不动原因': 0, '前轮转角': -100}"
1696644493.990812,419406375,"{'刹车状态': 0, '发动机扭矩百分比': 20, '方向盘故障': 0, '方向盘位置传感器值': 0}"
1696644494.0900664,419406119,"{'档位': 1, '车速': 4.15625, '提升器高度': 0, '提升器合力': 250, '车不动原因': 0, '前轮转角': -100}"
1696644494.0910678,419406375,"{'刹车状态': 0, '发动机扭矩百分比': 21, '方向盘故障': 0, '方向盘位置传感器值': 0}"
1696644494.1898172,419406119,"{'档位': 1, '车速': 4.046875, '提升器高度': 0, '提升器合力': 250, '车不动原因': 0, '前轮转角': -100}"
1696644494.1908877,419406375,"{'刹车状态': 0, '发动机扭矩百分比': 21, '方向盘故障': 0, '方向盘位置传感器值': 0}"
1696644494.289896,419406119,"{'档位': 1, '车速': 4.0234375, '提升器高度': 0, '提升器合力': 250, '车不动原因': 0, '前轮转角': -100}"
1696644494.290918,419406375,"{'刹车状态': 0, '发动机扭矩百分比': 21, '方向盘故障': 0, '方向盘位置传感器值': 0}"
1696644494.3901298,419406119,"{'档位': 1, '车速': 4.1953125, '提升器高度': 0, '提升器合力': 250, '车不动原因': 0, '前轮转角': -100}"
1696644494.3911932,419406375,"{'刹车状态': 0, '发动机扭矩百分比': 21, '方向盘故障': 0, '方向盘位置传感器值': 0}"
1696644494.4900408,419406119,"{'档位': 1, '车速': 4.1015625, '提升器高度': 0, '提升器合力': 250, '车不动原因': 0, '前轮转角': -100}"
1696644494.4912636,419406375,"{'刹车状态': 0, '发动机扭矩百分比': 21, '方向盘故障': 0, '方向盘位置传感器值': 0}"
1696644494.590118,419406119,"{'档位': 1, '车速': 4.0234375, '提升器高度': 0, '提升器合力': 250, '车不动原因': 0, '前轮转角': -100}"
1696644494.5910802,419406375,"{'刹车状态': 0, '发动机扭矩百分比': 21, '方向盘故障': 0, '方向盘位置传感器值': 0}"
1696644494.690097,419406119,"{'档位': 1, '车速': 4.1796875, '提升器高度': 0, '提升器合力': 250, '车不动原因': 0, '前轮转角': -100}"
1696644494.6911402,419406375,"{'刹车状态': 0, '发动机扭矩百分比': 21, '方向盘故障': 0, '方向盘位置传感器值': 0}"
1696644494.790256,419406119,"{'档位': 1, '车速': 4.15625, '提升器高度': 0, '提升器合力': 250, '车不动原因': 0, '前轮转角': -100}"
1696644494.7913163,419406375,"{'刹车状态': 0, '发动机扭矩百分比': 20, '方向盘故障': 0, '方向盘位置传感器值': 0}"
1696644494.8903985,419406119,"{'档位': 1, '车速': 4.0234375, '提升器高度': 0, '提升器合力': 250, '车不动原因': 0, '前轮转角': -100}"
1696644494.8914065,419406375,"{'刹车状态': 0, '发动机扭矩百分比': 21, '方向盘故障': 0, '方向盘位置传感器值': 0}"
1696644494.9904084,419406119,"{'档位': 1, '车速': 4.140625, '提升器高度': 0, '提升器合力': 250, '车不动原因': 0, '前轮转角': -100}"
1696644494.9914286,419406375,"{'刹车状态': 0, '发动机扭矩百分比': 21, '方向盘故障': 0, '方向盘位置传感器值': 0}"
1696644495.0904684,419406119,"{'档位': 1, '车速': 4.1953125, '提升器高度': 0, '提升器合力': 250, '车不动原因': 0, '前轮转角': -100}"
1696644495.0914938,419406375,"{'刹车状态': 0, '发动机扭矩百分比': 21, '方向盘故障': 0, '方向盘位置传感器值': 0}"
1696644495.190504,419406119,"{'档位': 1, '车速': 4.046875, '提升器高度': 0, '提升器合力': 250, '车不动原因': 0, '前轮转角': -100}"
1696644495.1915643,419406375,"{'刹车状态': 0, '发动机扭矩百分比': 22, '方向盘故障': 0, '方向盘位置传感器值': 0}"
1696644495.2903278,419406119,"{'档位': 1, '车速': 4.1015625, '提升器高度': 0, '提升器合力': 250, '车不动原因': 0, '前轮转角': -100}"
1696644495.2914062,419406375,"{'刹车状态': 0, '发动机扭矩百分比': 22, '方向盘故障': 0, '方向盘位置传感器值': 0}"
1696644495.39056,419406119,"{'档位': 1, '车速': 3.96875, '提升器高度': 0, '提升器合力': 250, '车不动原因': 0, '前轮转角': -100}"
1696644495.3916144,419406375,"{'刹车状态': 0, '发动机扭矩百分比': 22, '方向盘故障': 0, '方向盘位置传感器值': 0}"
1696644495.4907234,419406119,"{'档位': 1, '车速': 4.0625, '提升器高度': 0, '提升器合力': 250, '车不动原因': 0, '前轮转角': -100}"
1696644495.491677,419406375,"{'刹车状态': 0, '发动机扭矩百分比': 21, '方向盘故障': 0, '方向盘位置传感器值': 0}"
1696644495.590507,419406119,"{'档位': 1, '车速': 4.1796875, '提升器高度': 0, '提升器合力': 250, '车不动原因': 0, '前轮转角': -100}"
1696644495.59157,419406375,"{'刹车状态': 0, '发动机扭矩百分比': 21, '方向盘故障': 0, '方向盘位置传感器值': 0}"
1696644495.6908,419406119,"{'档位': 1, '车速': 4.0234375, '提升器高度': 0, '提升器合力': 250, '车不动原因': 0, '前轮转角': -100}"
1696644495.6917472,419406375,"{'刹车状态': 0, '发动机扭矩百分比': 21, '方向盘故障': 0, '方向盘位置传感器值': 0}"
1696644495.7907712,419406119,"{'档位': 1, '车速': 4.046875, '提升器高度': 0, '提升器合力': 250, '车不动原因': 0, '前轮转角': -100}"
1696644495.7917533,419406375,"{'刹车状态': 0, '发动机扭矩百分比': 21, '方向盘故障': 0, '方向盘位置传感器值': 0}"
1696644495.8905532,419406119,"{'档位': 1, '车速': 4.1796875, '提升器高度': 0, '提升器合力': 250, '车不动原因': 0, '前轮转角': -100}"
1696644495.8916216,419406375,"{'刹车状态': 0, '发动机扭矩百分比': 21, '方向盘故障': 0, '方向盘位置传感器值': 0}"
1696644495.9906723,419406119,"{'档位': 1, '车速': 4.0625, '提升器高度': 0, '提升器合力': 250, '车不动原因': 0, '前轮转角': -100}"
1696644495.9917483,419406375,"{'刹车状态': 0, '发动机扭矩百分比': 21, '方向盘故障': 0, '方向盘位置传感器值': 0}"
1696644496.0908167,419406119,"{'档位': 1, '车速': 4.0859375, '提升器高度': 0, '提升器合力': 250, '车不动原因': 0, '前轮转角': -100}"
1696644496.0918016,419406375,"{'刹车状态': 0, '发动机扭矩百分比': 21, '方向盘故障': 0, '方向盘位置传感器值': 0}"
1696644496.1909616,419406119,"{'档位': 1, '车速': 4.140625, '提升器高度': 0, '提升器合力': 250, '车不动原因': 0, '前轮转角': -100}"
1696644496.191894,419406375,"{'刹车状态': 0, '发动机扭矩百分比': 21, '方向盘故障': 0, '方向盘位置传感器值': 0}"
1696644496.2909346,419406119,"{'档位': 1, '车速': 4.1015625, '提升器高度': 0, '提升器合力': 250, '车不动原因': 0, '前轮转角': -100}"
1696644496.2918804,419406375,"{'刹车状态': 0, '发动机扭矩百分比': 22, '方向盘故障': 0, '方向盘位置传感器值': 0}"
1696644496.391044,419406119,"{'档位': 1, '车速': 4.1015625, '提升器高度': 0, '提升器合力': 250, '车不动原因': 0, '前轮转角': -100}"
1696644496.3920093,419406375,"{'刹车状态': 0, '发动机扭矩百分比': 22, '方向盘故障': 0, '方向盘位置传感器值': 0}"
1696644496.490958,419406119,"{'档位': 1, '车速': 4.140625, '提升器高度': 0, '提升器合力': 250, '车不动原因': 0, '前轮转角': -100}"
1696644496.4920392,419406375,"{'刹车状态': 0, '发动机扭矩百分比': 21, '方向盘故障': 0, '方向盘位置传感器值': 0}"
1696644496.5909183,419406119,"{'档位': 1, '车速': 3.953125, '提升器高度': 0, '提升器合力': 250, '车不动原因': 0, '前轮转角': -100}"
1696644496.5919292,419406375,"{'刹车状态': 0, '发动机扭矩百分比': 21, '方向盘故障': 0, '方向盘位置传感器值': 0}"
1696644496.6912196,419406119,"{'档位': 1, '车速': 4.125, '提升器高度': 0, '提升器合力': 250, '车不动原因': 0, '前轮转角': -100}"
1696644496.6922004,419406375,"{'刹车状态': 0, '发动机扭矩百分比': 21, '方向盘故障': 0, '方向盘位置传感器值': 0}"
1696644496.7912374,419406119,"{'档位': 1, '车速': 4.140625, '提升器高度': 0, '提升器合力': 250, '车不动原因': 0, '前轮转角': -100}"
1696644496.7922196,419406375,"{'刹车状态': 0, '发动机扭矩百分比': 21, '方向盘故障': 0, '方向盘位置传感器值': 0}"
1696644496.891197,419406119,"{'档位': 1, '车速': 3.953125, '提升器高度': 0, '提升器合力': 250, '车不动原因': 0, '前轮转角': -100}"
1696644496.8920965,419406375,"{'刹车状态': 0, '发动机扭矩百分比': 21, '方向盘故障': 0, '方向盘位置传感器值': 0}"
1696644496.9911323,419406119,"{'档位': 1, '车速': 4.1015625, '提升器高度': 0, '提升器合力': 250, '车不动原因': 0, '前轮转角': -100}"
1696644496.9921439,419406375,"{'刹车状态': 0, '发动机扭矩百分比': 21, '方向盘故障': 0, '方向盘位置传感器值': 0}"
1696644497.0912097,419406119,"{'档位': 1, '车速': 4.125, '提升器高度': 0, '提升器合力': 250, '车不动原因': 0, '前轮转角': -100}"
1696644497.0923295,419406375,"{'刹车状态': 0, '发动机扭矩百分比': 21, '方向盘故障': 0, '方向盘位置传感器值': 0}"
1696644497.1911952,419406119,"{'档位': 1, '车速': 3.96875, '提升器高度': 0, '提升器合力': 250, '车不动原因': 0, '前轮转角': -100}"
1696644497.192152,419406375,"{'刹车状态': 0, '发动机扭矩百分比': 21, '方向盘故障': 0, '方向盘位置传感器值': 0}"
1696644497.2914517,419406119,"{'档位': 1, '车速': 4.0859375, '提升器高度': 0, '提升器合力': 250, '车不动原因': 0, '前轮转角': -100}"
1696644497.2924106,419406375,"{'刹车状态': 0, '发动机扭矩百分比': 21, '方向盘故障': 0, '方向盘位置传感器值': 0}"
1696644497.3913786,419406119,"{'档位': 1, '车速': 4.1015625, '提升器高度': 0, '提升器合力': 250, '车不动原因': 0, '前轮转角': -100}"
1696644497.392444,419406375,"{'刹车状态': 0, '发动机扭矩百分比': 21, '方向盘故障': 0, '方向盘位置传感器值': 0}"
1696644497.4913323,419406119,"{'档位': 1, '车速': 4.0078125, '提升器高度': 0, '提升器合力': 250, '车不动原因': 0, '前轮转角': -100}"
1696644497.492313,419406375,"{'刹车状态': 0, '发动机扭矩百分比': 21, '方向盘故障': 0, '方向盘位置传感器值': 0}"
1696644497.5914025,419406119,"{'档位': 1, '车速': 4.0859375, '提升器高度': 0, '提升器合力': 250, '车不动原因': 0, '前轮转角': -100}"
1696644497.5924506,419406375,"{'刹车状态': 0, '发动机扭矩百分比': 21, '方向盘故障': 0, '方向盘位置传感器值': 0}"
1696644497.6914124,419406119,"{'档位': 1, '车速': 4.140625, '提升器高度': 0, '提升器合力': 250, '车不动原因': 0, '前轮转角': -100}"
1696644497.692466,419406375,"{'刹车状态': 0, '发动机扭矩百分比': 21, '方向盘故障': 0, '方向盘位置传感器值': 0}"
1696644497.7916994,419406119,"{'档位': 1, '车速': 4.0625, '提升器高度': 0, '提升器合力': 250, '车不动原因': 0, '前轮转角': -100}"
1696644497.7926016,419406375,"{'刹车状态': 0, '发动机扭矩百分比': 21, '方向盘故障': 0, '方向盘位置传感器值': 0}"
1696644497.8917396,419406119,"{'档位': 1, '车速': 4.046875, '提升器高度': 0, '提升器合力': 250, '车不动原因': 0, '前轮转角': -100}"
1696644497.892697,419406375,"{'刹车状态': 0, '发动机扭矩百分比': 21, '方向盘故障': 0, '方向盘位置传感器值': 0}"
1696644497.991649,419406119,"{'档位': 1, '车速': 4.125, '提升器高度': 0, '提升器合力': 250, '车不动原因': 0, '前轮转角': -100}"
1696644497.992651,419406375,"{'刹车状态': 0, '发动机扭矩百分比': 20, '方向盘故障': 0, '方向盘位置传感器值': 0}"
1696644498.0917873,419406119,"{'档位': 1, '车速': 4.1015625, '提升器高度': 0, '提升器合力': 250, '车不动原因': 0, '前轮转角': -100}"
1696644498.0927782,419406375,"{'刹车状态': 0, '发动机扭矩百分比': 20, '方向盘故障': 0, '方向盘位置传感器值': 0}"
1696644498.1916656,419406119,"{'档位': 1, '车速': 4.0625, '提升器高度': 0, '提升器合力': 250, '车不动原因': 0, '前轮转角': -100}"
1696644498.192711,419406375,"{'刹车状态': 0, '发动机扭矩百分比': 20, '方向盘故障': 0, '方向盘位置传感器值': 0}"
1696644498.2917078,419406119,"{'档位': 1, '车速': 4.0859375, '提升器高度': 0, '提升器合力': 250, '车不动原因': 0, '前轮转角': -100}"
1696644498.2927446,419406375,"{'刹车状态': 0, '发动机扭矩百分比': 21, '方向盘故障': 0, '方向盘位置传感器值': 0}"
1696644498.391908,419406119,"{'档位': 1, '车速': 4.140625, '提升器高度': 0, '提升器合力': 250, '车不动原因': 0, '前轮转角': -100}"
1696644498.3928816,419406375,"{'刹车状态': 0, '发动机扭矩百分比': 21, '方向盘故障': 0, '方向盘位置传感器值': 0}"
1696644498.4918377,419406119,"{'档位': 1, '车速': 4.0078125, '提升器高度': 0, '提升器合力': 250, '车不动原因': 0, '前轮转角': -100}"
1696644498.4928646,419406375,"{'刹车状态': 0, '发动机扭矩百分比': 21, '方向盘故障': 0, '方向盘位置传感器值': 0}"
1696644498.5919042,419406119,"{'档位': 1, '车速': 4.0859375, '提升器高度': 0, '提升器合力': 250, '车不动原因': 0, '前轮转角': -100}"
1696644498.5928981,419406375,"{'刹车状态': 0, '发动机扭矩百分比': 21, '方向盘故障': 0, '方向盘位置传感器值': 0}"
1696644498.6920714,419406119,"{'档位': 1, '车速': 4.1953125, '提升器高度': 0, '提升器合力': 250, '车不动原因': 0, '前轮转角': -100}"
1696644498.6930008,419406375,"{'刹车状态': 0, '发动机扭矩百分比': 21, '方向盘故障': 0, '方向盘位置传感器值': 0}"
1696644498.7919085,419406119,"{'档位': 1, '车速': 4.0078125, '提升器高度': 0, '提升器合力': 250, '车不动原因': 0, '前轮转角': -100}"
1696644498.7928853,419406375,"{'刹车状态': 0, '发动机扭矩百分比': 21, '方向盘故障': 0, '方向盘位置传感器值': 0}"
1696644498.8919744,419406119,"{'档位': 1, '车速': 4.0859375, '提升器高度': 0, '提升器合力': 250, '车不动原因': 0, '前轮转角': -100}"
1696644498.8930566,419406375,"{'刹车状态': 0, '发动机扭矩百分比': 21, '方向盘故障': 0, '方向盘位置传感器值': 0}"
1696644498.9920573,419406119,"{'档位': 1, '车速': 4.21875, '提升器高度': 0, '提升器合力': 250, '车不动原因': 0, '前轮转角': -100}"
1696644498.9933138,419406375,"{'刹车状态': 0, '发动机扭矩百分比': 21, '方向盘故障': 0, '方向盘位置传感器值': 0}"
1696644499.0919614,419406119,"{'档位': 1, '车速': 3.9921875, '提升器高度': 0, '提升器合力': 250, '车不动原因': 0, '前轮转角': -100}"
1696644499.0932276,419406375,"{'刹车状态': 0, '发动机扭矩百分比': 21, '方向盘故障': 0, '方向盘位置传感器值': 0}"
1696644499.192132,419406119,"{'档位': 1, '车速': 4.0859375, '提升器高度': 0, '提升器合力': 250, '车不动原因': 0, '前轮转角': -100}"
1696644499.193378,419406375,"{'刹车状态': 0, '发动机扭矩百分比': 20, '方向盘故障': 0, '方向盘位置传感器值': 0}"
1696644499.2920768,419406119,"{'档位': 1, '车速': 4.2578125, '提升器高度': 0, '提升器合力': 250, '车不动原因': 0, '前轮转角': -100}"
1696644499.29319,419406375,"{'刹车状态': 0, '发动机扭矩百分比': 20, '方向盘故障': 0, '方向盘位置传感器值': 0}"
1696644499.392163,419406119,"{'档位': 1, '车速': 4.0078125, '提升器高度': 0, '提升器合力': 250, '车不动原因': 0, '前轮转角': -100}"
1696644499.3931863,419406375,"{'刹车状态': 0, '发动机扭矩百分比': 21, '方向盘故障': 0, '方向盘位置传感器值': 0}"
1696644499.492138,419406119,"{'档位': 1, '车速': 4.046875, '提升器高度': 0, '提升器合力': 250, '车不动原因': 0, '前轮转角': -100}"
1696644499.493182,419406375,"{'刹车状态': 0, '发动机扭矩百分比': 21, '方向盘故障': 0, '方向盘位置传感器值': 0}"
1696644499.5921848,419406119,"{'档位': 1, '车速': 4.234375, '提升器高度': 0, '提升器合力': 250, '车不动原因': 0, '前轮转角': -100}"
1696644499.5932784,419406375,"{'刹车状态': 0, '发动机扭矩百分比': 22, '方向盘故障': 0, '方向盘位置传感器值': 0}"
1696644499.6922576,419406119,"{'档位': 1, '车速': 4.0234375, '提升器高度': 0, '提升器合力': 250, '车不动原因': 0, '前轮转角': -100}"
1696644499.6933665,419406375,"{'刹车状态': 0, '发动机扭矩百分比': 22, '方向盘故障': 0, '方向盘位置传感器值': 0}"
1696644499.7924263,419406119,"{'档位': 1, '车速': 4.0859375, '提升器高度': 0, '提升器合力': 250, '车不动原因': 0, '前轮转角': -100}"
1696644499.7934496,419406375,"{'刹车状态': 0, '发动机扭矩百分比': 21, '方向盘故障': 0, '方向盘位置传感器值': 0}"
1696644499.8923306,419406119,"{'档位': 1, '车速': 4.2734375, '提升器高度': 0, '提升器合力': 250, '车不动原因': 0, '前轮转角': -100}"
1696644499.8933976,419406375,"{'刹车状态': 0, '发动机扭矩百分比': 21, '方向盘故障': 0, '方向盘位置传感器值': 0}"
1696644499.992398,419406119,"{'档位': 1, '车速': 4.0234375, '提升器高度': 0, '提升器合力': 250, '车不动原因': 0, '前轮转角': -100}"
1696644499.993395,419406375,"{'刹车状态': 0, '发动机扭矩百分比': 21, '方向盘故障': 0, '方向盘位置传感器值': 0}"
1696644500.0924673,419406119,"{'档位': 1, '车速': 4.0859375, '提升器高度': 0, '提升器合力': 250, '车不动原因': 0, '前轮转角': -100}"
1696644500.093502,419406375,"{'刹车状态': 0, '发动机扭矩百分比': 21, '方向盘故障': 0, '方向盘位置传感器值': 0}"
1696644500.1924462,419406119,"{'档位': 1, '车速': 4.1015625, '提升器高度': 0, '提升器合力': 250, '车不动原因': 0, '前轮转角': -100}"
1696644500.193529,419406375,"{'刹车状态': 0, '发动机扭矩百分比': 21, '方向盘故障': 0, '方向盘位置传感器值': 0}"
1696644500.2924683,419406119,"{'档位': 1, '车速': 4.0234375, '提升器高度': 0, '提升器合力': 250, '车不动原因': 0, '前轮转角': -100}"
1696644500.2935472,419406375,"{'刹车状态': 0, '发动机扭矩百分比': 21, '方向盘故障': 0, '方向盘位置传感器值': 0}"
1696644500.3926744,419406119,"{'档位': 1, '车速': 4.1015625, '提升器高度': 0, '提升器合力': 250, '车不动原因': 0, '前轮转角': -100}"
1696644500.3936753,419406375,"{'刹车状态': 0, '发动机扭矩百分比': 21, '方向盘故障': 0, '方向盘位置传感器值': 0}"
1696644500.4925544,419406119,"{'档位': 1, '车速': 4.1953125, '提升器高度': 0, '提升器合力': 250, '车不动原因': 0, '前轮转角': -100}"
1696644500.4936233,419406375,"{'刹车状态': 0, '发动机扭矩百分比': 21, '方向盘故障': 0, '方向盘位置传感器值': 0}"
1696644500.5925953,419406119,"{'档位': 1, '车速': 4.0078125, '提升器高度': 0, '提升器合力': 250, '车不动原因': 0, '前轮转角': -100}"
1696644500.5936413,419406375,"{'刹车状态': 0, '发动机扭矩百分比': 21, '方向盘故障': 0, '方向盘位置传感器值': 0}"
1696644500.6926436,419406119,"{'档位': 1, '车速': 4.1015625, '提升器高度': 0, '提升器合力': 250, '车不动原因': 0, '前轮转角': -100}"
1696644500.6936436,419406375,"{'刹车状态': 0, '发动机扭矩百分比': 21, '方向盘故障': 0, '方向盘位置传感器值': 0}"
1696644500.7927098,419406119,"{'档位': 1, '车速': 4.234375, '提升器高度': 0, '提升器合力': 250, '车不动原因': 0, '前轮转角': -100}"
1696644500.7937982,419406375,"{'刹车状态': 0, '发动机扭矩百分比': 21, '方向盘故障': 0, '方向盘位置传感器值': 0}"
1696644500.8927433,419406119,"{'档位': 1, '车速': 3.9921875, '提升器高度': 0, '提升器合力': 250, '车不动原因': 0, '前轮转角': -100}"
1696644500.8939598,419406375,"{'刹车状态': 0, '发动机扭矩百分比': 21, '方向盘故障': 0, '方向盘位置传感器值': 0}"
1696644500.9927897,419406119,"{'档位': 1, '车速': 4.15625, '提升器高度': 0, '提升器合力': 250, '车不动原因': 0, '前轮转角': -100}"
1696644500.9938548,419406375,"{'刹车状态': 0, '发动机扭矩百分比': 21, '方向盘故障': 0, '方向盘位置传感器值': 0}"
1696644501.092789,419406119,"{'档位': 1, '车速': 4.234375, '提升器高度': 0, '提升器合力': 250, '车不动原因': 0, '前轮转角': -100}"
1696644501.0938344,419406375,"{'刹车状态': 0, '发动机扭矩百分比': 21, '方向盘故障': 0, '方向盘位置传感器值': 0}"
1696644501.1928535,419406119,"{'档位': 1, '车速': 3.96875, '提升器高度': 0, '提升器合力': 250, '车不动原因': 0, '前轮转角': -100}"
1696644501.1939087,419406375,"{'刹车状态': 0, '发动机扭矩百分比': 21, '方向盘故障': 0, '方向盘位置传感器值': 0}"
1696644501.2928574,419406119,"{'档位': 1, '车速': 4.125, '提升器高度': 0, '提升器合力': 250, '车不动原因': 0, '前轮转角': -100}"
1696644501.2938588,419406375,"{'刹车状态': 0, '发动机扭矩百分比': 21, '方向盘故障': 0, '方向盘位置传感器值': 0}"
1696644501.3929355,419406119,"{'档位': 1, '车速': 4.2734375, '提升器高度': 0, '提升器合力': 250, '车不动原因': 0, '前轮转角': -100}"
1696644501.393967,419406375,"{'刹车状态': 0, '发动机扭矩百分比': 21, '方向盘故障': 0, '方向盘位置传感器值': 0}"
1696644501.4929833,419406119,"{'档位': 1, '车速': 4.0078125, '提升器高度': 0, '提升器合力': 250, '车不动原因': 0, '前轮转角': -100}"
1696644501.494048,419406375,"{'刹车状态': 0, '发动机扭矩百分比': 22, '方向盘故障': 0, '方向盘位置传感器值': 0}"
1696644501.5931225,419406119,"{'档位': 1, '车速': 4.046875, '提升器高度': 0, '提升器合力': 250, '车不动原因': 0, '前轮转角': -100}"
1696644501.5942676,419406375,"{'刹车状态': 0, '发动机扭矩百分比': 22, '方向盘故障': 0, '方向盘位置传感器值': 0}"
1696644501.6930513,419406119,"{'档位': 1, '车速': 4.1015625, '提升器高度': 0, '提升器合力': 250, '车不动原因': 0, '前轮转角': -100}"
1696644501.6940491,419406375,"{'刹车状态': 0, '发动机扭矩百分比': 22, '方向盘故障': 0, '方向盘位置传感器值': 0}"
1696644501.793153,419406119,"{'档位': 1, '车速': 3.9921875, '提升器高度': 0, '提升器合力': 250, '车不动原因': 0, '前轮转角': -100}"
1696644501.7942784,419406375,"{'刹车状态': 0, '发动机扭矩百分比': 22, '方向盘故障': 0, '方向盘位置传感器值': 0}"
1696644501.8931255,419406119,"{'档位': 1, '车速': 4.15625, '提升器高度': 0, '提升器合力': 250, '车不动原因': 0, '前轮转角': -100}"
1696644501.8941796,419406375,"{'刹车状态': 0, '发动机扭矩百分比': 21, '方向盘故障': 0, '方向盘位置传感器值': 0}"
1696644501.9933147,419406119,"{'档位': 1, '车速': 4.1953125, '提升器高度': 0, '提升器合力': 250, '车不动原因': 0, '前轮转角': -100}"
1696644501.9942715,419406375,"{'刹车状态': 0, '发动机扭矩百分比': 21, '方向盘故障': 0, '方向盘位置传感器值': 0}"
1696644502.0933323,419406119,"{'档位': 1, '车速': 4.0234375, '提升器高度': 0, '提升器合力': 250, '车不动原因': 0, '前轮转角': -100}"
1696644502.0943162,419406375,"{'刹车状态': 0, '发动机扭矩百分比': 21, '方向盘故障': 0, '方向盘位置传感器值': 0}"
1696644502.193343,419406119,"{'档位': 1, '车速': 4.15625, '提升器高度': 0, '提升器合力': 250, '车不动原因': 0, '前轮转角': -100}"
1696644502.1942828,419406375,"{'刹车状态': 0, '发动机扭矩百分比': 21, '方向盘故障': 0, '方向盘位置传感器值': 0}"
1696644502.2932992,419406119,"{'档位': 1, '车速': 4.234375, '提升器高度': 0, '提升器合力': 250, '车不动原因': 0, '前轮转角': -100}"
1696644502.294406,419406375,"{'刹车状态': 0, '发动机扭矩百分比': 21, '方向盘故障': 0, '方向盘位置传感器值': 0}"
1696644502.3931668,419406119,"{'档位': 1, '车速': 4.0078125, '提升器高度': 0, '提升器合力': 250, '车不动原因': 0, '前轮转角': -100}"
1696644502.394238,419406375,"{'刹车状态': 0, '发动机扭矩百分比': 21, '方向盘故障': 0, '方向盘位置传感器值': 0}"
1696644502.4933822,419406119,"{'档位': 1, '车速': 4.0859375, '提升器高度': 0, '提升器合力': 250, '车不动原因': 0, '前轮转角': -100}"
1696644502.4944606,419406375,"{'刹车状态': 0, '发动机扭矩百分比': 21, '方向盘故障': 0, '方向盘位置传感器值': 0}"
1696644502.5935333,419406119,"{'档位': 1, '车速': 4.234375, '提升器高度': 0, '提升器合力': 250, '车不动原因': 0, '前轮转角': -100}"
1696644502.5944989,419406375,"{'刹车状态': 0, '发动机扭矩百分比': 21, '方向盘故障': 0, '方向盘位置传感器值': 0}"
1696644502.6934116,419406119,"{'档位': 1, '车速': 3.96875, '提升器高度': 0, '提升器合力': 250, '车不动原因': 0, '前轮转角': -100}"
1696644502.6943614,419406375,"{'刹车状态': 0, '发动机扭矩百分比': 21, '方向盘故障': 0, '方向盘位置传感器值': 0}"
1696644502.7934866,419406119,"{'档位': 1, '车速': 4.0859375, '提升器高度': 0, '提升器合力': 250, '车不动原因': 0, '前轮转角': -100}"
1696644502.794559,419406375,"{'刹车状态': 0, '发动机扭矩百分比': 21, '方向盘故障': 0, '方向盘位置传感器值': 0}"
1696644502.8935041,419406119,"{'档位': 1, '车速': 4.2578125, '提升器高度': 0, '提升器合力': 250, '车不动原因': 0, '前轮转角': -100}"
1696644502.894559,419406375,"{'刹车状态': 0, '发动机扭矩百分比': 21, '方向盘故障': 0, '方向盘位置传感器值': 0}"
1696644502.9936984,419406119,"{'档位': 1, '车速': 3.9921875, '提升器高度': 0, '提升器合力': 250, '车不动原因': 0, '前轮转角': -100}"
1696644502.9947891,419406375,"{'刹车状态': 0, '发动机扭矩百分比': 21, '方向盘故障': 0, '方向盘位置传感器值': 0}"
1696644503.093602,419406119,"{'档位': 1, '车速': 4.1015625, '提升器高度': 0, '提升器合力': 250, '车不动原因': 0, '前轮转角': -100}"
1696644503.0945473,419406375,"{'刹车状态': 0, '发动机扭矩百分比': 20, '方向盘故障': 0, '方向盘位置传感器值': 0}"
1696644503.193798,419406119,"{'档位': 1, '车速': 4.2734375, '提升器高度': 0, '提升器合力': 250, '车不动原因': 0, '前轮转角': -100}"
1696644503.1948073,419406375,"{'刹车状态': 0, '发动机扭矩百分比': 21, '方向盘故障': 0, '方向盘位置传感器值': 0}"
1696644503.2937171,419406119,"{'档位': 1, '车速': 3.96875, '提升器高度': 0, '提升器合力': 250, '车不动原因': 0, '前轮转角': -100}"
1696644503.2947865,419406375,"{'刹车状态': 0, '发动机扭矩百分比': 21, '方向盘故障': 0, '方向盘位置传感器值': 0}"
1696644503.3937466,419406119,"{'档位': 1, '车速': 4.0859375, '提升器高度': 0, '提升器合力': 250, '车不动原因': 0, '前轮转角': -100}"
1696644503.3947885,419406375,"{'刹车状态': 0, '发动机扭矩百分比': 21, '方向盘故障': 0, '方向盘位置传感器值': 0}"
1696644503.4937465,419406119,"{'档位': 1, '车速': 4.2890625, '提升器高度': 0, '提升器合力': 250, '车不动原因': 0, '前轮转角': -100}"
1696644503.4948444,419406375,"{'刹车状态': 0, '发动机扭矩百分比': 21, '方向盘故障': 0, '方向盘位置传感器值': 0}"
1696644503.593891,419406119,"{'档位': 1, '车速': 3.96875, '提升器高度': 0, '提升器合力': 250, '车不动原因': 0, '前轮转角': -100}"
1696644503.5949335,419406375,"{'刹车状态': 0, '发动机扭矩百分比': 20, '方向盘故障': 0, '方向盘位置传感器值': 0}"
1696644503.694011,419406119,"{'档位': 1, '车速': 4.125, '提升器高度': 0, '提升器合力': 250, '车不动原因': 0, '前轮转角': -100}"
1696644503.694985,419406375,"{'刹车状态': 0, '发动机扭矩百分比': 20, '方向盘故障': 0, '方向盘位置传感器值': 0}"
1696644503.7939181,419406119,"{'档位': 1, '车速': 4.2578125, '提升器高度': 0, '提升器合力': 250, '车不动原因': 0, '前轮转角': -100}"
1696644503.7949696,419406375,"{'刹车状态': 0, '发动机扭矩百分比': 21, '方向盘故障': 0, '方向盘位置传感器值': 0}"
1696644503.8940763,419406119,"{'档位': 1, '车速': 3.9140625, '提升器高度': 0, '提升器合力': 250, '车不动原因': 0, '前轮转角': -100}"
1696644503.8952084,419406375,"{'刹车状态': 0, '发动机扭矩百分比': 22, '方向盘故障': 0, '方向盘位置传感器值': 0}"
1696644503.994038,419406119,"{'档位': 1, '车速': 4.0625, '提升器高度': 0, '提升器合力': 250, '车不动原因': 0, '前轮转角': -100}"
1696644503.995073,419406375,"{'刹车状态': 0, '发动机扭矩百分比': 22, '方向盘故障': 0, '方向盘位置传感器值': 0}"
1696644504.0940468,419406119,"{'档位': 1, '车速': 4.2578125, '提升器高度': 0, '提升器合力': 250, '车不动原因': 0, '前轮转角': -100}"
1696644504.095089,419406375,"{'刹车状态': 0, '发动机扭矩百分比': 21, '方向盘故障': 0, '方向盘位置传感器值': 0}"
1696644504.1941924,419406119,"{'档位': 1, '车速': 4.0078125, '提升器高度': 0, '提升器合力': 250, '车不动原因': 0, '前轮转角': -100}"
1696644504.1951914,419406375,"{'刹车状态': 0, '发动机扭矩百分比': 21, '方向盘故障': 0, '方向盘位置传感器值': 0}"
1696644504.2942505,419406119,"{'档位': 1, '车速': 4.0859375, '提升器高度': 0, '提升器合力': 250, '车不动原因': 0, '前轮转角': -100}"
1696644504.2953906,419406375,"{'刹车状态': 0, '发动机扭矩百分比': 21, '方向盘故障': 0, '方向盘位置传感器值': 0}"
1696644504.394285,419406119,"{'档位': 1, '车速': 4.2734375, '提升器高度': 0, '提升器合力': 250, '车不动原因': 0, '前轮转角': -100}"
1696644504.3952556,419406375,"{'刹车状态': 0, '发动机扭矩百分比': 21, '方向盘故障': 0, '方向盘位置传感器值': 0}"
1696644504.494275,419406119,"{'档位': 1, '车速': 3.96875, '提升器高度': 0, '提升器合力': 250, '车不动原因': 0, '前轮转角': -100}"
1696644504.4952748,419406375,"{'刹车状态': 0, '发动机扭矩百分比': 21, '方向盘故障': 0, '方向盘位置传感器值': 0}"
1696644504.5942621,419406119,"{'档位': 1, '车速': 4.0859375, '提升器高度': 0, '提升器合力': 250, '车不动原因': 0, '前轮转角': -100}"
1696644504.5952764,419406375,"{'刹车状态': 0, '发动机扭矩百分比': 21, '方向盘故障': 0, '方向盘位置传感器值': 0}"
1696644504.6943064,419406119,"{'档位': 1, '车速': 4.234375, '提升器高度': 0, '提升器合力': 250, '车不动原因': 0, '前轮转角': -100}"
1696644504.6953292,419406375,"{'刹车状态': 0, '发动机扭矩百分比': 21, '方向盘故障': 0, '方向盘位置传感器值': 0}"
1696644504.7944157,419406119,"{'档位': 1, '车速': 3.96875, '提升器高度': 0, '提升器合力': 250, '车不动原因': 0, '前轮转角': -100}"
1696644504.79541,419406375,"{'刹车状态': 0, '发动机扭矩百分比': 21, '方向盘故障': 0, '方向盘位置传感器值': 0}"
1696644504.8944602,419406119,"{'档位': 1, '车速': 4.0625, '提升器高度': 0, '提升器合力': 250, '车不动原因': 0, '前轮转角': -100}"
1696644504.8954432,419406375,"{'刹车状态': 0, '发动机扭矩百分比': 21, '方向盘故障': 0, '方向盘位置传感器值': 0}"
1696644504.9944932,419406119,"{'档位': 1, '车速': 4.2578125, '提升器高度': 0, '提升器合力': 250, '车不动原因': 0, '前轮转角': -100}"
1696644504.995505,419406375,"{'刹车状态': 0, '发动机扭矩百分比': 21, '方向盘故障': 0, '方向盘位置传感器值': 0}"
1696644505.0945506,419406119,"{'档位': 1, '车速': 3.9296875, '提升器高度': 0, '提升器合力': 250, '车不动原因': 0, '前轮转角': -100}"
1696644505.0955346,419406375,"{'刹车状态': 0, '发动机扭矩百分比': 21, '方向盘故障': 0, '方向盘位置传感器值': 0}"
1696644505.1945167,419406119,"{'档位': 1, '车速': 4.1015625, '提升器高度': 0, '提升器合力': 250, '车不动原因': 0, '前轮转角': -100}"
1696644505.1955686,419406375,"{'刹车状态': 0, '发动机扭矩百分比': 21, '方向盘故障': 0, '方向盘位置传感器值': 0}"
1696644505.294651,419406119,"{'档位': 1, '车速': 4.2890625, '提升器高度': 0, '提升器合力': 250, '车不动原因': 0, '前轮转角': -100}"
1696644505.2956715,419406375,"{'刹车状态': 0, '发动机扭矩百分比': 21, '方向盘故障': 0, '方向盘位置传感器值': 0}"
1696644505.3946943,419406119,"{'档位': 1, '车速': 3.9296875, '提升器高度': 0, '提升器合力': 250, '车不动原因': 0, '前轮转角': -100}"
1696644505.3956516,419406375,"{'刹车状态': 0, '发动机扭矩百分比': 21, '方向盘故障': 0, '方向盘位置传感器值': 0}"
1696644505.4947195,419406119,"{'档位': 1, '车速': 4.0859375, '提升器高度': 0, '提升器合力': 250, '车不动原因': 0, '前轮转角': -100}"
1696644505.4957285,419406375,"{'刹车状态': 0, '发动机扭矩百分比': 21, '方向盘故障': 0, '方向盘位置传感器值': 0}"
1696644505.594771,419406119,"{'档位': 1, '车速': 4.2578125, '提升器高度': 0, '提升器合力': 250, '车不动原因': 0, '前轮转角': -100}"
1696644505.5957658,419406375,"{'刹车状态': 0, '发动机扭矩百分比': 21, '方向盘故障': 0, '方向盘位置传感器值': 0}"
1696644505.6947472,419406119,"{'档位': 1, '车速': 3.9921875, '提升器高度': 0, '提升器合力': 250, '车不动原因': 0, '前轮转角': -100}"
1696644505.6958025,419406375,"{'刹车状态': 0, '发动机扭矩百分比': 21, '方向盘故障': 0, '方向盘位置传感器值': 0}"
1696644505.7947533,419406119,"{'档位': 1, '车速': 4.0859375, '提升器高度': 0, '提升器合力': 250, '车不动原因': 0, '前轮转角': -100}"
1696644505.7958395,419406375,"{'刹车状态': 0, '发动机扭矩百分比': 21, '方向盘故障': 0, '方向盘位置传感器值': 0}"
1696644505.8947666,419406119,"{'档位': 1, '车速': 4.2578125, '提升器高度': 0, '提升器合力': 250, '车不动原因': 0, '前轮转角': -100}"
1696644505.895804,419406375,"{'刹车状态': 0, '发动机扭矩百分比': 21, '方向盘故障': 0, '方向盘位置传感器值': 0}"
1696644505.9949496,419406119,"{'档位': 1, '车速': 3.9921875, '提升器高度': 0, '提升器合力': 250, '车不动原因': 0, '前轮转角': -100}"
1696644505.9959204,419406375,"{'刹车状态': 0, '发动机扭矩百分比': 21, '方向盘故障': 0, '方向盘位置传感器值': 0}"
1696644506.0949447,419406119,"{'档位': 1, '车速': 4.0625, '提升器高度': 0, '提升器合力': 250, '车不动原因': 0, '前轮转角': -100}"
1696644506.095954,419406375,"{'刹车状态': 0, '发动机扭矩百分比': 21, '方向盘故障': 0, '方向盘位置传感器值': 0}"
1696644506.1949728,419406119,"{'档位': 1, '车速': 4.2578125, '提升器高度': 0, '提升器合力': 250, '车不动原因': 0, '前轮转角': -100}"
1696644506.1960025,419406375,"{'刹车状态': 0, '发动机扭矩百分比': 21, '方向盘故障': 0, '方向盘位置传感器值': 0}"
1696644506.294973,419406119,"{'档位': 1, '车速': 3.96875, '提升器高度': 0, '提升器合力': 250, '车不动原因': 0, '前轮转角': -100}"
1696644506.2960107,419406375,"{'刹车状态': 0, '发动机扭矩百分比': 21, '方向盘故障': 0, '方向盘位置传感器值': 0}"
1696644506.3949862,419406119,"{'档位': 1, '车速': 4.0625, '提升器高度': 0, '提升器合力': 250, '车不动原因': 0, '前轮转角': -100}"
1696644506.3962398,419406375,"{'刹车状态': 0, '发动机扭矩百分比': 21, '方向盘故障': 0, '方向盘位置传感器值': 0}"
1696644506.4950507,419406119,"{'档位': 1, '车速': 4.2734375, '提升器高度': 0, '提升器合力': 250, '车不动原因': 0, '前轮转角': -100}"
1696644506.4961271,419406375,"{'刹车状态': 0, '发动机扭矩百分比': 21, '方向盘故障': 0, '方向盘位置传感器值': 0}"
1696644506.5950878,419406119,"{'档位': 1, '车速': 3.96875, '提升器高度': 0, '提升器合力': 250, '车不动原因': 0, '前轮转角': -100}"
1696644506.5961282,419406375,"{'刹车状态': 0, '发动机扭矩百分比': 21, '方向盘故障': 0, '方向盘位置传感器值': 0}"
1696644506.6951356,419406119,"{'档位': 1, '车速': 4.125, '提升器高度': 0, '提升器合力': 250, '车不动原因': 0, '前轮转角': -100}"
1696644506.6961265,419406375,"{'刹车状态': 0, '发动机扭矩百分比': 20, '方向盘故障': 0, '方向盘位置传感器值': 0}"
1696644506.7952735,419406119,"{'档位': 1, '车速': 4.2890625, '提升器高度': 0, '提升器合力': 250, '车不动原因': 0, '前轮转角': -100}"
1696644506.7962184,419406375,"{'刹车状态': 0, '发动机扭矩百分比': 20, '方向盘故障': 0, '方向盘位置传感器值': 0}"
1696644506.8952632,419406119,"{'档位': 1, '车速': 3.9921875, '提升器高度': 0, '提升器合力': 250, '车不动原因': 0, '前轮转角': -100}"
1696644506.8962479,419406375,"{'刹车状态': 0, '发动机扭矩百分比': 20, '方向盘故障': 0, '方向盘位置传感器值': 0}"
1696644506.9952822,419406119,"{'档位': 1, '车速': 4.125, '提升器高度': 0, '提升器合力': 250, '车不动原因': 0, '前轮转角': -100}"
1696644506.996329,419406375,"{'刹车状态': 0, '发动机扭矩百分比': 21, '方向盘故障': 0, '方向盘位置传感器值': 0}"
1696644507.0954003,419406119,"{'档位': 1, '车速': 4.1796875, '提升器高度': 0, '提升器合力': 250, '车不动原因': 0, '前轮转角': -100}"
1696644507.0963984,419406375,"{'刹车状态': 0, '发动机扭矩百分比': 21, '方向盘故障': 0, '方向盘位置传感器值': 0}"
1696644507.1954381,419406119,"{'档位': 1, '车速': 3.9296875, '提升器高度': 0, '提升器合力': 250, '车不动原因': 0, '前轮转角': -100}"
1696644507.1964083,419406375,"{'刹车状态': 0, '发动机扭矩百分比': 21, '方向盘故障': 0, '方向盘位置传感器值': 0}"
1696644507.2953565,419406119,"{'档位': 1, '车速': 4.125, '提升器高度': 0, '提升器合力': 250, '车不动原因': 0, '前轮转角': -100}"
1696644507.2964723,419406375,"{'刹车状态': 0, '发动机扭矩百分比': 21, '方向盘故障': 0, '方向盘位置传感器值': 0}"
1696644507.3954365,419406119,"{'档位': 1, '车速': 4.2734375, '提升器高度': 0, '提升器合力': 250, '车不动原因': 0, '前轮转角': -100}"
1696644507.3965125,419406375,"{'刹车状态': 0, '发动机扭矩百分比': 21, '方向盘故障': 0, '方向盘位置传感器值': 0}"
1696644507.495483,419406119,"{'档位': 1, '车速': 3.9296875, '提升器高度': 0, '提升器合力': 250, '车不动原因': 0, '前轮转角': -100}"
1696644507.496479,419406375,"{'刹车状态': 0, '发动机扭矩百分比': 21, '方向盘故障': 0, '方向盘位置传感器值': 0}"
1696644507.595537,419406119,"{'档位': 1, '车速': 4.1015625, '提升器高度': 0, '提升器合力': 250, '车不动原因': 0, '前轮转角': -100}"
1696644507.59659,419406375,"{'刹车状态': 0, '发动机扭矩百分比': 21, '方向盘故障': 0, '方向盘位置传感器值': 0}"
1696644507.6955962,419406119,"{'档位': 1, '车速': 4.2578125, '提升器高度': 0, '提升器合力': 250, '车不动原因': 0, '前轮转角': -100}"
1696644507.6966171,419406375,"{'刹车状态': 0, '发动机扭矩百分比': 21, '方向盘故障': 0, '方向盘位置传感器值': 0}"
1696644507.7957141,419406119,"{'档位': 1, '车速': 3.953125, '提升器高度': 0, '提升器合力': 250, '车不动原因': 0, '前轮转角': -100}"
1696644507.7966418,419406375,"{'刹车状态': 0, '发动机扭矩百分比': 20, '方向盘故障': 0, '方向盘位置传感器值': 0}"
1696644507.8957694,419406119,"{'档位': 1, '车速': 4.125, '提升器高度': 0, '提升器合力': 250, '车不动原因': 0, '前轮转角': -100}"
1696644507.8967013,419406375,"{'刹车状态': 0, '发动机扭矩百分比': 20, '方向盘故障': 0, '方向盘位置传感器值': 0}"
1696644507.9957068,419406119,"{'档位': 1, '车速': 4.15625, '提升器高度': 0, '提升器合力': 250, '车不动原因': 0, '前轮转角': -100}"
1696644507.9967046,419406375,"{'刹车状态': 0, '发动机扭矩百分比': 20, '方向盘故障': 0, '方向盘位置传感器值': 0}"
1696644508.0957088,419406119,"{'档位': 1, '车速': 3.9296875, '提升器高度': 0, '提升器合力': 250, '车不动原因': 0, '前轮转角': -100}"
1696644508.0967426,419406375,"{'刹车状态': 0, '发动机扭矩百分比': 21, '方向盘故障': 0, '方向盘位置传感器值': 0}"
1696644508.19578,419406119,"{'档位': 1, '车速': 4.0625, '提升器高度': 0, '提升器合力': 250, '车不动原因': 0, '前轮转角': -100}"
1696644508.1968272,419406375,"{'刹车状态': 0, '发动机扭矩百分比': 22, '方向盘故障': 0, '方向盘位置传感器值': 0}"
1696644508.2956135,419406119,"{'档位': 1, '车速': 4.140625, '提升器高度': 0, '提升器合力': 250, '车不动原因': 0, '前轮转角': -100}"
1696644508.296617,419406375,"{'刹车状态': 0, '发动机扭矩百分比': 22, '方向盘故障': 0, '方向盘位置传感器值': 0}"
1696644508.3959217,419406119,"{'档位': 1, '车速': 3.9296875, '提升器高度': 0, '提升器合力': 250, '车不动原因': 0, '前轮转角': -100}"
1696644508.3970172,419406375,"{'刹车状态': 0, '发动机扭矩百分比': 21, '方向盘故障': 0, '方向盘位置传感器值': 0}"
1696644508.4960237,419406119,"{'档位': 1, '车速': 4.0625, '提升器高度': 0, '提升器合力': 250, '车不动原因': 0, '前轮转角': -100}"
1696644508.4968762,419406375,"{'刹车状态': 0, '发动机扭矩百分比': 21, '方向盘故障': 0, '方向盘位置传感器值': 0}"
1696644508.5959089,419406119,"{'档位': 1, '车速': 4.1796875, '提升器高度': 0, '提升器合力': 250, '车不动原因': 0, '前轮转角': -100}"
1696644508.5969791,419406375,"{'刹车状态': 0, '发动机扭矩百分比': 21, '方向盘故障': 0, '方向盘位置传感器值': 0}"
1696644508.6959503,419406119,"{'档位': 1, '车速': 3.953125, '提升器高度': 0, '提升器合力': 250, '车不动原因': 0, '前轮转角': -100}"
1696644508.697047,419406375,"{'刹车状态': 0, '发动机扭矩百分比': 21, '方向盘故障': 0, '方向盘位置传感器值': 0}"
1696644508.7959495,419406119,"{'档位': 1, '车速': 4.0859375, '提升器高度': 0, '提升器合力': 250, '车不动原因': 0, '前轮转角': -100}"
1696644508.7970176,419406375,"{'刹车状态': 0, '发动机扭矩百分比': 21, '方向盘故障': 0, '方向盘位置传感器值': 0}"
1696644508.8961291,419406119,"{'档位': 1, '车速': 4.1796875, '提升器高度': 0, '提升器合力': 250, '车不动原因': 0, '前轮转角': -100}"
1696644508.8972373,419406375,"{'刹车状态': 0, '发动机扭矩百分比': 21, '方向盘故障': 0, '方向盘位置传感器值': 0}"
1696644508.996095,419406119,"{'档位': 1, '车速': 3.953125, '提升器高度': 0, '提升器合力': 250, '车不动原因': 0, '前轮转角': -100}"
1696644508.997146,419406375,"{'刹车状态': 0, '发动机扭矩百分比': 21, '方向盘故障': 0, '方向盘位置传感器值': 0}"
1696644509.0961509,419406119,"{'档位': 1, '车速': 4.0859375, '提升器高度': 0, '提升器合力': 250, '车不动原因': 0, '前轮转角': -100}"
1696644509.0972326,419406375,"{'刹车状态': 0, '发动机扭矩百分比': 21, '方向盘故障': 0, '方向盘位置传感器值': 0}"
1696644509.1961744,419406119,"{'档位': 1, '车速': 4.2734375, '提升器高度': 0, '提升器合力': 250, '车不动原因': 0, '前轮转角': -100}"
1696644509.1972234,419406375,"{'刹车状态': 0, '发动机扭矩百分比': 21, '方向盘故障': 0, '方向盘位置传感器值': 0}"
1696644509.2962244,419406119,"{'档位': 1, '车速': 3.9296875, '提升器高度': 0, '提升器合力': 250, '车不动原因': 0, '前轮转角': -100}"
1696644509.2973416,419406375,"{'刹车状态': 0, '发动机扭矩百分比': 21, '方向盘故障': 0, '方向盘位置传感器值': 0}"
1696644509.3962622,419406119,"{'档位': 1, '车速': 4.125, '提升器高度': 0, '提升器合力': 250, '车不动原因': 0, '前轮转角': -100}"
1696644509.3974087,419406375,"{'刹车状态': 0, '发动机扭矩百分比': 21, '方向盘故障': 0, '方向盘位置传感器值': 0}"
1696644509.496316,419406119,"{'档位': 1, '车速': 4.2578125, '提升器高度': 0, '提升器合力': 250, '车不动原因': 0, '前轮转角': -100}"
1696644509.4973996,419406375,"{'刹车状态': 0, '发动机扭矩百分比': 21, '方向盘故障': 0, '方向盘位置传感器值': 0}"
1696644509.5962806,419406119,"{'档位': 1, '车速': 3.953125, '提升器高度': 0, '提升器合力': 250, '车不动原因': 0, '前轮转角': -100}"
1696644509.5973384,419406375,"{'刹车状态': 0, '发动机扭矩百分比': 21, '方向盘故障': 0, '方向盘位置传感器值': 0}"
1696644509.6963084,419406119,"{'档位': 1, '车速': 4.0859375, '提升器高度': 0, '提升器合力': 250, '车不动原因': 0, '前轮转角': -100}"
1696644509.6972349,419406375,"{'刹车状态': 0, '发动机扭矩百分比': 21, '方向盘故障': 0, '方向盘位置传感器值': 0}"
1696644509.7965057,419406119,"{'档位': 1, '车速': 4.21875, '提升器高度': 0, '提升器合力': 250, '车不动原因': 0, '前轮转角': -100}"
1696644509.7974823,419406375,"{'刹车状态': 0, '发动机扭矩百分比': 21, '方向盘故障': 0, '方向盘位置传感器值': 0}"
1696644509.8962355,419406119,"{'档位': 1, '车速': 3.96875, '提升器高度': 0, '提升器合力': 250, '车不动原因': 0, '前轮转角': -100}"
1696644509.8973489,419406375,"{'刹车状态': 0, '发动机扭矩百分比': 21, '方向盘故障': 0, '方向盘位置传感器值': 0}"
1696644509.9967,419406119,"{'档位': 1, '车速': 4.0625, '提升器高度': 0, '提升器合力': 250, '车不动原因': 0, '前轮转角': -100}"
1696644509.9977984,419406375,"{'刹车状态': 0, '发动机扭矩百分比': 21, '方向盘故障': 0, '方向盘位置传感器值': 0}"
1696644510.0966263,419406119,"{'档位': 1, '车速': 4.1953125, '提升器高度': 0, '提升器合力': 250, '车不动原因': 0, '前轮转角': -100}"
1696644510.0976734,419406375,"{'刹车状态': 0, '发动机扭矩百分比': 21, '方向盘故障': 0, '方向盘位置传感器值': 0}"
1696644510.1966896,419406119,"{'档位': 1, '车速': 3.9921875, '提升器高度': 0, '提升器合力': 250, '车不动原因': 0, '前轮转角': -100}"
1696644510.197712,419406375,"{'刹车状态': 0, '发动机扭矩百分比': 21, '方向盘故障': 0, '方向盘位置传感器值': 0}"
1696644510.2966993,419406119,"{'档位': 1, '车速': 4.125, '提升器高度': 0, '提升器合力': 250, '车不动原因': 0, '前轮转角': -100}"
1696644510.2977142,419406375,"{'刹车状态': 0, '发动机扭矩百分比': 21, '方向盘故障': 0, '方向盘位置传感器值': 0}"
1696644510.3967392,419406119,"{'档位': 1, '车速': 4.1796875, '提升器高度': 0, '提升器合力': 250, '车不动原因': 0, '前轮转角': -100}"
1696644510.397789,419406375,"{'刹车状态': 0, '发动机扭矩百分比': 21, '方向盘故障': 0, '方向盘位置传感器值': 0}"
1696644510.4968545,419406119,"{'档位': 1, '车速': 4.0234375, '提升器高度': 0, '提升器合力': 250, '车不动原因': 0, '前轮转角': -100}"
1696644510.497818,419406375,"{'刹车状态': 0, '发动机扭矩百分比': 21, '方向盘故障': 0, '方向盘位置传感器值': 0}"
1696644510.5968647,419406119,"{'档位': 1, '车速': 4.125, '提升器高度': 0, '提升器合力': 250, '车不动原因': 0, '前轮转角': -100}"
1696644510.5978909,419406375,"{'刹车状态': 0, '发动机扭矩百分比': 21, '方向盘故障': 0, '方向盘位置传感器值': 0}"
1696644510.6968722,419406119,"{'档位': 1, '车速': 4.1796875, '提升器高度': 0, '提升器合力': 250, '车不动原因': 0, '前轮转角': -100}"
1696644510.6979268,419406375,"{'刹车状态': 0, '发动机扭矩百分比': 21, '方向盘故障': 0, '方向盘位置传感器值': 0}"
1696644510.796869,419406119,"{'档位': 1, '车速': 4.046875, '提升器高度': 0, '提升器合力': 250, '车不动原因': 0, '前轮转角': -100}"
1696644510.797892,419406375,"{'刹车状态': 0, '发动机扭矩百分比': 20, '方向盘故障': 0, '方向盘位置传感器值': 0}"
1696644510.8969874,419406119,"{'档位': 1, '车速': 4.1015625, '提升器高度': 0, '提升器合力': 250, '车不动原因': 0, '前轮转角': -100}"
1696644510.897988,419406375,"{'刹车状态': 0, '发动机扭矩百分比': 21, '方向盘故障': 0, '方向盘位置传感器值': 0}"
1696644510.9970322,419406119,"{'档位': 1, '车速': 4.15625, '提升器高度': 0, '提升器合力': 250, '车不动原因': 0, '前轮转角': -100}"
1696644510.9980416,419406375,"{'刹车状态': 0, '发动机扭矩百分比': 21, '方向盘故障': 0, '方向盘位置传感器值': 0}"
1696644511.0970793,419406119,"{'档位': 1, '车速': 4.125, '提升器高度': 0, '提升器合力': 250, '车不动原因': 0, '前轮转角': -100}"
1696644511.0980887,419406375,"{'刹车状态': 0, '发动机扭矩百分比': 21, '方向盘故障': 0, '方向盘位置传感器值': 0}"
1696644511.1971498,419406119,"{'档位': 1, '车速': 4.1015625, '提升器高度': 0, '提升器合力': 250, '车不动原因': 0, '前轮转角': -100}"
1696644511.1981535,419406375,"{'刹车状态': 0, '发动机扭矩百分比': 20, '方向盘故障': 0, '方向盘位置传感器值': 0}"
1696644511.297112,419406119,"{'档位': 1, '车速': 4.15625, '提升器高度': 0, '提升器合力': 250, '车不动原因': 0, '前轮转角': -100}"
1696644511.2981074,419406375,"{'刹车状态': 0, '发动机扭矩百分比': 20, '方向盘故障': 0, '方向盘位置传感器值': 0}"
1696644511.3972428,419406119,"{'档位': 1, '车速': 4.15625, '提升器高度': 0, '提升器合力': 250, '车不动原因': 0, '前轮转角': -100}"
1696644511.3983483,419406375,"{'刹车状态': 0, '发动机扭矩百分比': 21, '方向盘故障': 0, '方向盘位置传感器值': 0}"
1696644511.4973125,419406119,"{'档位': 1, '车速': 4.0859375, '提升器高度': 0, '提升器合力': 250, '车不动原因': 0, '前轮转角': -100}"
1696644511.498237,419406375,"{'刹车状态': 0, '发动机扭矩百分比': 21, '方向盘故障': 0, '方向盘位置传感器值': 0}"
1696644511.5972693,419406119,"{'档位': 1, '车速': 4.1015625, '提升器高度': 0, '提升器合力': 250, '车不动原因': 0, '前轮转角': -100}"
1696644511.5983477,419406375,"{'刹车状态': 0, '发动机扭矩百分比': 21, '方向盘故障': 0, '方向盘位置传感器值': 0}"
